        RECT 751.710 319.620 751.970 319.880 ;
        RECT 752.330 319.620 752.590 319.880 ;
        RECT 752.950 319.620 753.210 319.880 ;
        RECT 753.570 319.620 753.830 319.880 ;
        RECT 751.710 320.240 751.970 320.500 ;
        RECT 752.330 320.240 752.590 320.500 ;
        RECT 752.950 320.240 753.210 320.500 ;
        RECT 753.570 320.240 753.830 320.500 ;
        RECT 843.690 360.050 843.950 360.310 ;
        RECT 844.310 360.050 844.570 360.310 ;
        RECT 844.930 360.050 845.190 360.310 ;
        RECT 843.690 360.670 843.950 360.930 ;
        RECT 844.310 360.670 844.570 360.930 ;
        RECT 844.930 360.670 845.190 360.930 ;
        RECT 843.690 361.290 843.950 361.550 ;
        RECT 844.310 361.290 844.570 361.550 ;
        RECT 844.930 361.290 845.190 361.550 ;
        RECT 846.190 362.550 846.450 362.810 ;
        RECT 846.810 362.550 847.070 362.810 ;
        RECT 847.430 362.550 847.690 362.810 ;
        RECT 846.190 363.170 846.450 363.430 ;
        RECT 846.810 363.170 847.070 363.430 ;
        RECT 847.430 363.170 847.690 363.430 ;
        RECT 846.190 363.790 846.450 364.050 ;
        RECT 846.810 363.790 847.070 364.050 ;
        RECT 847.430 363.790 847.690 364.050 ;
        RECT 846.190 319.620 846.450 319.880 ;
        RECT 846.810 319.620 847.070 319.880 ;
        RECT 847.430 319.620 847.690 319.880 ;
        RECT 846.190 320.240 846.450 320.500 ;
        RECT 846.810 320.240 847.070 320.500 ;
        RECT 847.430 320.240 847.690 320.500 ;
        RECT 764.640 360.050 764.900 360.310 ;
        RECT 765.260 360.050 765.520 360.310 ;
        RECT 764.640 360.670 764.900 360.930 ;
        RECT 765.260 360.670 765.520 360.930 ;
        RECT 764.640 361.290 764.900 361.550 ;
        RECT 765.260 361.290 765.520 361.550 ;
        RECT 814.640 360.050 814.900 360.310 ;
        RECT 815.260 360.050 815.520 360.310 ;
        RECT 814.640 360.670 814.900 360.930 ;
        RECT 815.260 360.670 815.520 360.930 ;
        RECT 814.640 361.290 814.900 361.550 ;
        RECT 815.260 361.290 815.520 361.550 ;
        RECT 767.730 319.410 767.990 319.670 ;
        RECT 768.250 319.410 768.510 319.670 ;
        RECT 768.770 319.410 769.030 319.670 ;
        RECT 767.730 319.930 767.990 320.190 ;
        RECT 768.250 319.930 768.510 320.190 ;
        RECT 768.770 319.930 769.030 320.190 ;
        RECT 767.730 320.450 767.990 320.710 ;
        RECT 768.250 320.450 768.510 320.710 ;
        RECT 768.770 320.450 769.030 320.710 ;
        RECT 767.940 362.550 768.200 362.810 ;
        RECT 768.560 362.550 768.820 362.810 ;
        RECT 767.940 363.170 768.200 363.430 ;
        RECT 768.560 363.170 768.820 363.430 ;
        RECT 767.940 363.790 768.200 364.050 ;
        RECT 768.560 363.790 768.820 364.050 ;
        RECT 817.940 362.550 818.200 362.810 ;
        RECT 818.560 362.550 818.820 362.810 ;
        RECT 817.940 363.170 818.200 363.430 ;
        RECT 818.560 363.170 818.820 363.430 ;
        RECT 817.940 363.790 818.200 364.050 ;
        RECT 818.560 363.790 818.820 364.050 ;
        RECT 817.730 319.410 817.990 319.670 ;
        RECT 818.250 319.410 818.510 319.670 ;
        RECT 818.770 319.410 819.030 319.670 ;
        RECT 817.730 319.930 817.990 320.190 ;
        RECT 818.250 319.930 818.510 320.190 ;
        RECT 818.770 319.930 819.030 320.190 ;
        RECT 817.730 320.450 817.990 320.710 ;
        RECT 818.250 320.450 818.510 320.710 ;
        RECT 818.770 320.450 819.030 320.710 ;
        RECT 767.730 319.410 767.990 319.670 ;
        RECT 768.250 319.410 768.510 319.670 ;
        RECT 768.770 319.410 769.030 319.670 ;
        RECT 767.730 319.930 767.990 320.190 ;
        RECT 768.250 319.930 768.510 320.190 ;
        RECT 768.770 319.930 769.030 320.190 ;
        RECT 767.730 320.450 767.990 320.710 ;
        RECT 768.250 320.450 768.510 320.710 ;
        RECT 768.770 320.450 769.030 320.710 ;
        RECT 667.730 319.410 667.990 319.670 ;
        RECT 668.250 319.410 668.510 319.670 ;
        RECT 668.770 319.410 669.030 319.670 ;
        RECT 667.730 319.930 667.990 320.190 ;
        RECT 668.250 319.930 668.510 320.190 ;
        RECT 668.770 319.930 669.030 320.190 ;
        RECT 667.730 320.450 667.990 320.710 ;
        RECT 668.250 320.450 668.510 320.710 ;
        RECT 668.770 320.450 669.030 320.710 ;
        RECT 686.810 319.620 687.070 319.880 ;
        RECT 687.430 319.620 687.690 319.880 ;
        RECT 688.050 319.620 688.310 319.880 ;
        RECT 688.670 319.620 688.930 319.880 ;
        RECT 686.810 320.240 687.070 320.500 ;
        RECT 687.430 320.240 687.690 320.500 ;
        RECT 688.050 320.240 688.310 320.500 ;
        RECT 688.670 320.240 688.930 320.500 ;
        RECT 654.360 319.620 654.620 319.880 ;
        RECT 654.980 319.620 655.240 319.880 ;
        RECT 655.600 319.620 655.860 319.880 ;
        RECT 656.220 319.620 656.480 319.880 ;
        RECT 654.360 320.240 654.620 320.500 ;
        RECT 654.980 320.240 655.240 320.500 ;
        RECT 655.600 320.240 655.860 320.500 ;
        RECT 656.220 320.240 656.480 320.500 ;
        RECT 719.260 319.620 719.520 319.880 ;
        RECT 719.880 319.620 720.140 319.880 ;
        RECT 720.500 319.620 720.760 319.880 ;
        RECT 721.120 319.620 721.380 319.880 ;
        RECT 719.260 320.240 719.520 320.500 ;
        RECT 719.880 320.240 720.140 320.500 ;
        RECT 720.500 320.240 720.760 320.500 ;
        RECT 721.120 320.240 721.380 320.500 ;
        RECT 651.110 319.410 651.370 319.670 ;
        RECT 651.630 319.410 651.890 319.670 ;
        RECT 651.110 319.930 651.370 320.190 ;
        RECT 651.630 319.930 651.890 320.190 ;
        RECT 651.110 320.450 651.370 320.710 ;
        RECT 651.630 320.450 651.890 320.710 ;
        RECT 714.640 360.050 714.900 360.310 ;
        RECT 715.260 360.050 715.520 360.310 ;
        RECT 714.640 360.670 714.900 360.930 ;
        RECT 715.260 360.670 715.520 360.930 ;
        RECT 714.640 361.290 714.900 361.550 ;
        RECT 715.260 361.290 715.520 361.550 ;
        RECT 664.640 360.050 664.900 360.310 ;
        RECT 665.260 360.050 665.520 360.310 ;
        RECT 664.640 360.670 664.900 360.930 ;
        RECT 665.260 360.670 665.520 360.930 ;
        RECT 664.640 361.290 664.900 361.550 ;
        RECT 665.260 361.290 665.520 361.550 ;
        RECT 667.940 362.550 668.200 362.810 ;
        RECT 668.560 362.550 668.820 362.810 ;
        RECT 667.940 363.170 668.200 363.430 ;
        RECT 668.560 363.170 668.820 363.430 ;
        RECT 667.940 363.790 668.200 364.050 ;
        RECT 668.560 363.790 668.820 364.050 ;
        RECT 717.940 362.550 718.200 362.810 ;
        RECT 718.560 362.550 718.820 362.810 ;
        RECT 717.940 363.170 718.200 363.430 ;
        RECT 718.560 363.170 718.820 363.430 ;
        RECT 717.940 363.790 718.200 364.050 ;
        RECT 718.560 363.790 718.820 364.050 ;
        RECT 667.730 319.410 667.990 319.670 ;
        RECT 668.250 319.410 668.510 319.670 ;
        RECT 668.770 319.410 669.030 319.670 ;
        RECT 667.730 319.930 667.990 320.190 ;
        RECT 668.250 319.930 668.510 320.190 ;
        RECT 668.770 319.930 669.030 320.190 ;
        RECT 667.730 320.450 667.990 320.710 ;
        RECT 668.250 320.450 668.510 320.710 ;
        RECT 668.770 320.450 669.030 320.710 ;
        RECT 647.470 316.110 647.730 316.370 ;
        RECT 647.990 316.110 648.250 316.370 ;
        RECT 647.470 316.630 647.730 316.890 ;
        RECT 647.990 316.630 648.250 316.890 ;
        RECT 647.470 317.150 647.730 317.410 ;
        RECT 647.990 317.150 648.250 317.410 ;
        RECT 664.430 316.110 664.690 316.370 ;
        RECT 664.950 316.110 665.210 316.370 ;
        RECT 665.470 316.110 665.730 316.370 ;
        RECT 664.430 316.630 664.690 316.890 ;
        RECT 664.950 316.630 665.210 316.890 ;
        RECT 665.470 316.630 665.730 316.890 ;
        RECT 664.430 317.150 664.690 317.410 ;
        RECT 664.950 317.150 665.210 317.410 ;
        RECT 665.470 317.150 665.730 317.410 ;
        RECT 664.430 316.110 664.690 316.370 ;
        RECT 664.950 316.110 665.210 316.370 ;
        RECT 665.470 316.110 665.730 316.370 ;
        RECT 664.430 316.630 664.690 316.890 ;
        RECT 664.950 316.630 665.210 316.890 ;
        RECT 665.470 316.630 665.730 316.890 ;
        RECT 664.430 317.150 664.690 317.410 ;
        RECT 664.950 317.150 665.210 317.410 ;
        RECT 665.470 317.150 665.730 317.410 ;
        RECT 764.430 316.110 764.690 316.370 ;
        RECT 764.950 316.110 765.210 316.370 ;
        RECT 765.470 316.110 765.730 316.370 ;
        RECT 764.430 316.630 764.690 316.890 ;
        RECT 764.950 316.630 765.210 316.890 ;
        RECT 765.470 316.630 765.730 316.890 ;
        RECT 764.430 317.150 764.690 317.410 ;
        RECT 764.950 317.150 765.210 317.410 ;
        RECT 765.470 317.150 765.730 317.410 ;
        RECT 843.690 316.320 843.950 316.580 ;
        RECT 844.310 316.320 844.570 316.580 ;
        RECT 844.930 316.320 845.190 316.580 ;
        RECT 843.690 316.940 843.950 317.200 ;
        RECT 844.310 316.940 844.570 317.200 ;
        RECT 844.930 316.940 845.190 317.200 ;
        RECT 785.695 316.320 785.955 316.580 ;
        RECT 786.315 316.320 786.575 316.580 ;
        RECT 786.935 316.320 787.195 316.580 ;
        RECT 787.555 316.320 787.815 316.580 ;
        RECT 785.695 316.940 785.955 317.200 ;
        RECT 786.315 316.940 786.575 317.200 ;
        RECT 786.935 316.940 787.195 317.200 ;
        RECT 787.555 316.940 787.815 317.200 ;
        RECT 764.430 316.110 764.690 316.370 ;
        RECT 764.950 316.110 765.210 316.370 ;
        RECT 765.470 316.110 765.730 316.370 ;
        RECT 764.430 316.630 764.690 316.890 ;
        RECT 764.950 316.630 765.210 316.890 ;
        RECT 765.470 316.630 765.730 316.890 ;
        RECT 764.430 317.150 764.690 317.410 ;
        RECT 764.950 317.150 765.210 317.410 ;
        RECT 765.470 317.150 765.730 317.410 ;
        RECT 814.430 316.110 814.690 316.370 ;
        RECT 814.950 316.110 815.210 316.370 ;
        RECT 815.470 316.110 815.730 316.370 ;
        RECT 814.430 316.630 814.690 316.890 ;
        RECT 814.950 316.630 815.210 316.890 ;
        RECT 815.470 316.630 815.730 316.890 ;
        RECT 814.430 317.150 814.690 317.410 ;
        RECT 814.950 317.150 815.210 317.410 ;
        RECT 815.470 317.150 815.730 317.410 ;
        RECT 614.640 360.050 614.900 360.310 ;
        RECT 615.260 360.050 615.520 360.310 ;
        RECT 614.640 360.670 614.900 360.930 ;
        RECT 615.260 360.670 615.520 360.930 ;
        RECT 614.640 361.290 614.900 361.550 ;
        RECT 615.260 361.290 615.520 361.550 ;
        RECT 617.940 362.550 618.200 362.810 ;
        RECT 618.560 362.550 618.820 362.810 ;
        RECT 617.940 363.170 618.200 363.430 ;
        RECT 618.560 363.170 618.820 363.430 ;
        RECT 617.940 363.790 618.200 364.050 ;
        RECT 618.560 363.790 618.820 364.050 ;
        RECT 567.940 362.550 568.200 362.810 ;
        RECT 568.560 362.550 568.820 362.810 ;
        RECT 567.940 363.170 568.200 363.430 ;
        RECT 568.560 363.170 568.820 363.430 ;
        RECT 567.940 363.790 568.200 364.050 ;
        RECT 568.560 363.790 568.820 364.050 ;
        RECT 564.640 360.050 564.900 360.310 ;
        RECT 565.260 360.050 565.520 360.310 ;
        RECT 564.640 360.670 564.900 360.930 ;
        RECT 565.260 360.670 565.520 360.930 ;
        RECT 564.640 361.290 564.900 361.550 ;
        RECT 565.260 361.290 565.520 361.550 ;
        RECT 535.050 319.620 535.310 319.880 ;
        RECT 535.670 319.620 535.930 319.880 ;
        RECT 536.290 319.620 536.550 319.880 ;
        RECT 536.910 319.620 537.170 319.880 ;
        RECT 535.050 320.240 535.310 320.500 ;
        RECT 535.670 320.240 535.930 320.500 ;
        RECT 536.290 320.240 536.550 320.500 ;
        RECT 536.910 320.240 537.170 320.500 ;
        RECT 567.500 319.620 567.760 319.880 ;
        RECT 568.120 319.620 568.380 319.880 ;
        RECT 568.740 319.620 569.000 319.880 ;
        RECT 569.360 319.620 569.620 319.880 ;
        RECT 567.500 320.240 567.760 320.500 ;
        RECT 568.120 320.240 568.380 320.500 ;
        RECT 568.740 320.240 569.000 320.500 ;
        RECT 569.360 320.240 569.620 320.500 ;
        RECT 572.090 319.410 572.350 319.670 ;
        RECT 572.610 319.410 572.870 319.670 ;
        RECT 572.090 319.930 572.350 320.190 ;
        RECT 572.610 319.930 572.870 320.190 ;
        RECT 572.090 320.450 572.350 320.710 ;
        RECT 572.610 320.450 572.870 320.710 ;
        RECT 617.730 319.410 617.990 319.670 ;
        RECT 618.250 319.410 618.510 319.670 ;
        RECT 618.770 319.410 619.030 319.670 ;
        RECT 617.730 319.930 617.990 320.190 ;
        RECT 618.250 319.930 618.510 320.190 ;
        RECT 618.770 319.930 619.030 320.190 ;
        RECT 617.730 320.450 617.990 320.710 ;
        RECT 618.250 320.450 618.510 320.710 ;
        RECT 618.770 320.450 619.030 320.710 ;
        RECT 517.940 362.550 518.200 362.810 ;
        RECT 518.560 362.550 518.820 362.810 ;
        RECT 517.940 363.170 518.200 363.430 ;
        RECT 518.560 363.170 518.820 363.430 ;
        RECT 517.940 363.790 518.200 364.050 ;
        RECT 518.560 363.790 518.820 364.050 ;
        RECT 514.640 360.050 514.900 360.310 ;
        RECT 515.260 360.050 515.520 360.310 ;
        RECT 514.640 360.670 514.900 360.930 ;
        RECT 515.260 360.670 515.520 360.930 ;
        RECT 514.640 361.290 514.900 361.550 ;
        RECT 515.260 361.290 515.520 361.550 ;
        RECT 464.640 360.050 464.900 360.310 ;
        RECT 465.260 360.050 465.520 360.310 ;
        RECT 464.640 360.670 464.900 360.930 ;
        RECT 465.260 360.670 465.520 360.930 ;
        RECT 464.640 361.290 464.900 361.550 ;
        RECT 465.260 361.290 465.520 361.550 ;
        RECT 467.940 362.550 468.200 362.810 ;
        RECT 468.560 362.550 468.820 362.810 ;
        RECT 467.940 363.170 468.200 363.430 ;
        RECT 468.560 363.170 468.820 363.430 ;
        RECT 467.940 363.790 468.200 364.050 ;
        RECT 468.560 363.790 468.820 364.050 ;
        RECT 467.730 319.410 467.990 319.670 ;
        RECT 468.250 319.410 468.510 319.670 ;
        RECT 468.770 319.410 469.030 319.670 ;
        RECT 467.730 319.930 467.990 320.190 ;
        RECT 468.250 319.930 468.510 320.190 ;
        RECT 468.770 319.930 469.030 320.190 ;
        RECT 467.730 320.450 467.990 320.710 ;
        RECT 468.250 320.450 468.510 320.710 ;
        RECT 468.770 320.450 469.030 320.710 ;
        RECT 467.730 319.410 467.990 319.670 ;
        RECT 468.250 319.410 468.510 319.670 ;
        RECT 468.770 319.410 469.030 319.670 ;
        RECT 467.730 319.930 467.990 320.190 ;
        RECT 468.250 319.930 468.510 320.190 ;
        RECT 468.770 319.930 469.030 320.190 ;
        RECT 467.730 320.450 467.990 320.710 ;
        RECT 468.250 320.450 468.510 320.710 ;
        RECT 468.770 320.450 469.030 320.710 ;
        RECT 470.150 319.620 470.410 319.880 ;
        RECT 470.770 319.620 471.030 319.880 ;
        RECT 471.390 319.620 471.650 319.880 ;
        RECT 472.010 319.620 472.270 319.880 ;
        RECT 470.150 320.240 470.410 320.500 ;
        RECT 470.770 320.240 471.030 320.500 ;
        RECT 471.390 320.240 471.650 320.500 ;
        RECT 472.010 320.240 472.270 320.500 ;
        RECT 502.600 319.620 502.860 319.880 ;
        RECT 503.220 319.620 503.480 319.880 ;
        RECT 503.840 319.620 504.100 319.880 ;
        RECT 504.460 319.620 504.720 319.880 ;
        RECT 502.600 320.240 502.860 320.500 ;
        RECT 503.220 320.240 503.480 320.500 ;
        RECT 503.840 320.240 504.100 320.500 ;
        RECT 504.460 320.240 504.720 320.500 ;
        RECT 517.730 319.410 517.990 319.670 ;
        RECT 518.250 319.410 518.510 319.670 ;
        RECT 518.770 319.410 519.030 319.670 ;
        RECT 517.730 319.930 517.990 320.190 ;
        RECT 518.250 319.930 518.510 320.190 ;
        RECT 518.770 319.930 519.030 320.190 ;
        RECT 517.730 320.450 517.990 320.710 ;
        RECT 518.250 320.450 518.510 320.710 ;
        RECT 518.770 320.450 519.030 320.710 ;
        RECT 517.730 319.410 517.990 319.670 ;
        RECT 518.250 319.410 518.510 319.670 ;
        RECT 518.770 319.410 519.030 319.670 ;
        RECT 517.730 319.930 517.990 320.190 ;
        RECT 518.250 319.930 518.510 320.190 ;
        RECT 518.770 319.930 519.030 320.190 ;
        RECT 517.730 320.450 517.990 320.710 ;
        RECT 518.250 320.450 518.510 320.710 ;
        RECT 518.770 320.450 519.030 320.710 ;
        RECT 436.165 316.320 436.425 316.580 ;
        RECT 436.785 316.320 437.045 316.580 ;
        RECT 437.405 316.320 437.665 316.580 ;
        RECT 438.025 316.320 438.285 316.580 ;
        RECT 436.165 316.940 436.425 317.200 ;
        RECT 436.785 316.940 437.045 317.200 ;
        RECT 437.405 316.940 437.665 317.200 ;
        RECT 438.025 316.940 438.285 317.200 ;
        RECT 464.430 316.110 464.690 316.370 ;
        RECT 464.950 316.110 465.210 316.370 ;
        RECT 465.470 316.110 465.730 316.370 ;
        RECT 464.430 316.630 464.690 316.890 ;
        RECT 464.950 316.630 465.210 316.890 ;
        RECT 465.470 316.630 465.730 316.890 ;
        RECT 464.430 317.150 464.690 317.410 ;
        RECT 464.950 317.150 465.210 317.410 ;
        RECT 465.470 317.150 465.730 317.410 ;
        RECT 464.430 316.110 464.690 316.370 ;
        RECT 464.950 316.110 465.210 316.370 ;
        RECT 465.470 316.110 465.730 316.370 ;
        RECT 464.430 316.630 464.690 316.890 ;
        RECT 464.950 316.630 465.210 316.890 ;
        RECT 465.470 316.630 465.730 316.890 ;
        RECT 464.430 317.150 464.690 317.410 ;
        RECT 464.950 317.150 465.210 317.410 ;
        RECT 465.470 317.150 465.730 317.410 ;
        RECT 614.430 316.110 614.690 316.370 ;
        RECT 614.950 316.110 615.210 316.370 ;
        RECT 615.470 316.110 615.730 316.370 ;
        RECT 614.430 316.630 614.690 316.890 ;
        RECT 614.950 316.630 615.210 316.890 ;
        RECT 615.470 316.630 615.730 316.890 ;
        RECT 614.430 317.150 614.690 317.410 ;
        RECT 614.950 317.150 615.210 317.410 ;
        RECT 615.470 317.150 615.730 317.410 ;
        RECT 564.430 316.110 564.690 316.370 ;
        RECT 564.950 316.110 565.210 316.370 ;
        RECT 565.470 316.110 565.730 316.370 ;
        RECT 564.430 316.630 564.690 316.890 ;
        RECT 564.950 316.630 565.210 316.890 ;
        RECT 565.470 316.630 565.730 316.890 ;
        RECT 564.430 317.150 564.690 317.410 ;
        RECT 564.950 317.150 565.210 317.410 ;
        RECT 565.470 317.150 565.730 317.410 ;
        RECT 575.730 316.110 575.990 316.370 ;
        RECT 576.250 316.110 576.510 316.370 ;
        RECT 575.730 316.630 575.990 316.890 ;
        RECT 576.250 316.630 576.510 316.890 ;
        RECT 575.730 317.150 575.990 317.410 ;
        RECT 576.250 317.150 576.510 317.410 ;
        RECT 564.430 316.110 564.690 316.370 ;
        RECT 564.950 316.110 565.210 316.370 ;
        RECT 565.470 316.110 565.730 316.370 ;
        RECT 564.430 316.630 564.690 316.890 ;
        RECT 564.950 316.630 565.210 316.890 ;
        RECT 565.470 316.630 565.730 316.890 ;
        RECT 564.430 317.150 564.690 317.410 ;
        RECT 564.950 317.150 565.210 317.410 ;
        RECT 565.470 317.150 565.730 317.410 ;
        RECT 614.430 266.110 614.690 266.370 ;
        RECT 614.950 266.110 615.210 266.370 ;
        RECT 615.470 266.110 615.730 266.370 ;
        RECT 614.430 266.630 614.690 266.890 ;
        RECT 614.950 266.630 615.210 266.890 ;
        RECT 615.470 266.630 615.730 266.890 ;
        RECT 614.430 267.150 614.690 267.410 ;
        RECT 614.950 267.150 615.210 267.410 ;
        RECT 615.470 267.150 615.730 267.410 ;
        RECT 617.730 269.410 617.990 269.670 ;
        RECT 618.250 269.410 618.510 269.670 ;
        RECT 618.770 269.410 619.030 269.670 ;
        RECT 617.730 269.930 617.990 270.190 ;
        RECT 618.250 269.930 618.510 270.190 ;
        RECT 618.770 269.930 619.030 270.190 ;
        RECT 617.730 270.450 617.990 270.710 ;
        RECT 618.250 270.450 618.510 270.710 ;
        RECT 618.770 270.450 619.030 270.710 ;
        RECT 535.050 269.620 535.310 269.880 ;
        RECT 535.670 269.620 535.930 269.880 ;
        RECT 536.290 269.620 536.550 269.880 ;
        RECT 536.910 269.620 537.170 269.880 ;
        RECT 535.050 270.240 535.310 270.500 ;
        RECT 535.670 270.240 535.930 270.500 ;
        RECT 536.290 270.240 536.550 270.500 ;
        RECT 536.910 270.240 537.170 270.500 ;
        RECT 567.500 269.620 567.760 269.880 ;
        RECT 568.120 269.620 568.380 269.880 ;
        RECT 568.740 269.620 569.000 269.880 ;
        RECT 569.360 269.620 569.620 269.880 ;
        RECT 567.500 270.240 567.760 270.500 ;
        RECT 568.120 270.240 568.380 270.500 ;
        RECT 568.740 270.240 569.000 270.500 ;
        RECT 569.360 270.240 569.620 270.500 ;
        RECT 564.430 266.110 564.690 266.370 ;
        RECT 564.950 266.110 565.210 266.370 ;
        RECT 565.470 266.110 565.730 266.370 ;
        RECT 564.430 266.630 564.690 266.890 ;
        RECT 564.950 266.630 565.210 266.890 ;
        RECT 565.470 266.630 565.730 266.890 ;
        RECT 564.430 267.150 564.690 267.410 ;
        RECT 564.950 267.150 565.210 267.410 ;
        RECT 565.470 267.150 565.730 267.410 ;
        RECT 564.430 266.110 564.690 266.370 ;
        RECT 564.950 266.110 565.210 266.370 ;
        RECT 565.470 266.110 565.730 266.370 ;
        RECT 564.430 266.630 564.690 266.890 ;
        RECT 564.950 266.630 565.210 266.890 ;
        RECT 565.470 266.630 565.730 266.890 ;
        RECT 564.430 267.150 564.690 267.410 ;
        RECT 564.950 267.150 565.210 267.410 ;
        RECT 565.470 267.150 565.730 267.410 ;
        RECT 572.090 269.410 572.350 269.670 ;
        RECT 572.610 269.410 572.870 269.670 ;
        RECT 572.090 269.930 572.350 270.190 ;
        RECT 572.610 269.930 572.870 270.190 ;
        RECT 572.090 270.450 572.350 270.710 ;
        RECT 572.610 270.450 572.870 270.710 ;
        RECT 575.730 266.110 575.990 266.370 ;
        RECT 576.250 266.110 576.510 266.370 ;
        RECT 575.730 266.630 575.990 266.890 ;
        RECT 576.250 266.630 576.510 266.890 ;
        RECT 575.730 267.150 575.990 267.410 ;
        RECT 576.250 267.150 576.510 267.410 ;
        RECT 502.600 269.620 502.860 269.880 ;
        RECT 503.220 269.620 503.480 269.880 ;
        RECT 503.840 269.620 504.100 269.880 ;
        RECT 504.460 269.620 504.720 269.880 ;
        RECT 502.600 270.240 502.860 270.500 ;
        RECT 503.220 270.240 503.480 270.500 ;
        RECT 503.840 270.240 504.100 270.500 ;
        RECT 504.460 270.240 504.720 270.500 ;
        RECT 517.730 269.410 517.990 269.670 ;
        RECT 518.250 269.410 518.510 269.670 ;
        RECT 518.770 269.410 519.030 269.670 ;
        RECT 517.730 269.930 517.990 270.190 ;
        RECT 518.250 269.930 518.510 270.190 ;
        RECT 518.770 269.930 519.030 270.190 ;
        RECT 517.730 270.450 517.990 270.710 ;
        RECT 518.250 270.450 518.510 270.710 ;
        RECT 518.770 270.450 519.030 270.710 ;
        RECT 517.730 269.410 517.990 269.670 ;
        RECT 518.250 269.410 518.510 269.670 ;
        RECT 518.770 269.410 519.030 269.670 ;
        RECT 517.730 269.930 517.990 270.190 ;
        RECT 518.250 269.930 518.510 270.190 ;
        RECT 518.770 269.930 519.030 270.190 ;
        RECT 517.730 270.450 517.990 270.710 ;
        RECT 518.250 270.450 518.510 270.710 ;
        RECT 518.770 270.450 519.030 270.710 ;
        RECT 470.150 269.620 470.410 269.880 ;
        RECT 470.770 269.620 471.030 269.880 ;
        RECT 471.390 269.620 471.650 269.880 ;
        RECT 472.010 269.620 472.270 269.880 ;
        RECT 470.150 270.240 470.410 270.500 ;
        RECT 470.770 270.240 471.030 270.500 ;
        RECT 471.390 270.240 471.650 270.500 ;
        RECT 472.010 270.240 472.270 270.500 ;
        RECT 464.430 266.110 464.690 266.370 ;
        RECT 464.950 266.110 465.210 266.370 ;
        RECT 465.470 266.110 465.730 266.370 ;
        RECT 464.430 266.630 464.690 266.890 ;
        RECT 464.950 266.630 465.210 266.890 ;
        RECT 465.470 266.630 465.730 266.890 ;
        RECT 464.430 267.150 464.690 267.410 ;
        RECT 464.950 267.150 465.210 267.410 ;
        RECT 465.470 267.150 465.730 267.410 ;
        RECT 467.730 269.410 467.990 269.670 ;
        RECT 468.250 269.410 468.510 269.670 ;
        RECT 468.770 269.410 469.030 269.670 ;
        RECT 467.730 269.930 467.990 270.190 ;
        RECT 468.250 269.930 468.510 270.190 ;
        RECT 468.770 269.930 469.030 270.190 ;
        RECT 467.730 270.450 467.990 270.710 ;
        RECT 468.250 270.450 468.510 270.710 ;
        RECT 468.770 270.450 469.030 270.710 ;
        RECT 464.430 266.110 464.690 266.370 ;
        RECT 464.950 266.110 465.210 266.370 ;
        RECT 465.470 266.110 465.730 266.370 ;
        RECT 464.430 266.630 464.690 266.890 ;
        RECT 464.950 266.630 465.210 266.890 ;
        RECT 465.470 266.630 465.730 266.890 ;
        RECT 464.430 267.150 464.690 267.410 ;
        RECT 464.950 267.150 465.210 267.410 ;
        RECT 465.470 267.150 465.730 267.410 ;
        RECT 436.165 266.320 436.425 266.580 ;
        RECT 436.785 266.320 437.045 266.580 ;
        RECT 437.405 266.320 437.665 266.580 ;
        RECT 438.025 266.320 438.285 266.580 ;
        RECT 436.165 266.940 436.425 267.200 ;
        RECT 436.785 266.940 437.045 267.200 ;
        RECT 437.405 266.940 437.665 267.200 ;
        RECT 438.025 266.940 438.285 267.200 ;
        RECT 467.730 269.410 467.990 269.670 ;
        RECT 468.250 269.410 468.510 269.670 ;
        RECT 468.770 269.410 469.030 269.670 ;
        RECT 467.730 269.930 467.990 270.190 ;
        RECT 468.250 269.930 468.510 270.190 ;
        RECT 468.770 269.930 469.030 270.190 ;
        RECT 467.730 270.450 467.990 270.710 ;
        RECT 468.250 270.450 468.510 270.710 ;
        RECT 468.770 270.450 469.030 270.710 ;
        RECT 517.730 219.410 517.990 219.670 ;
        RECT 518.250 219.410 518.510 219.670 ;
        RECT 518.770 219.410 519.030 219.670 ;
        RECT 517.730 219.930 517.990 220.190 ;
        RECT 518.250 219.930 518.510 220.190 ;
        RECT 518.770 219.930 519.030 220.190 ;
        RECT 517.730 220.450 517.990 220.710 ;
        RECT 518.250 220.450 518.510 220.710 ;
        RECT 518.770 220.450 519.030 220.710 ;
        RECT 517.730 219.410 517.990 219.670 ;
        RECT 518.250 219.410 518.510 219.670 ;
        RECT 518.770 219.410 519.030 219.670 ;
        RECT 517.730 219.930 517.990 220.190 ;
        RECT 518.250 219.930 518.510 220.190 ;
        RECT 518.770 219.930 519.030 220.190 ;
        RECT 517.730 220.450 517.990 220.710 ;
        RECT 518.250 220.450 518.510 220.710 ;
        RECT 518.770 220.450 519.030 220.710 ;
        RECT 502.600 219.620 502.860 219.880 ;
        RECT 503.220 219.620 503.480 219.880 ;
        RECT 503.840 219.620 504.100 219.880 ;
        RECT 504.460 219.620 504.720 219.880 ;
        RECT 502.600 220.240 502.860 220.500 ;
        RECT 503.220 220.240 503.480 220.500 ;
        RECT 503.840 220.240 504.100 220.500 ;
        RECT 504.460 220.240 504.720 220.500 ;
        RECT 464.430 216.110 464.690 216.370 ;
        RECT 464.950 216.110 465.210 216.370 ;
        RECT 465.470 216.110 465.730 216.370 ;
        RECT 464.430 216.630 464.690 216.890 ;
        RECT 464.950 216.630 465.210 216.890 ;
        RECT 465.470 216.630 465.730 216.890 ;
        RECT 464.430 217.150 464.690 217.410 ;
        RECT 464.950 217.150 465.210 217.410 ;
        RECT 465.470 217.150 465.730 217.410 ;
        RECT 464.430 216.110 464.690 216.370 ;
        RECT 464.950 216.110 465.210 216.370 ;
        RECT 465.470 216.110 465.730 216.370 ;
        RECT 464.430 216.630 464.690 216.890 ;
        RECT 464.950 216.630 465.210 216.890 ;
        RECT 465.470 216.630 465.730 216.890 ;
        RECT 464.430 217.150 464.690 217.410 ;
        RECT 464.950 217.150 465.210 217.410 ;
        RECT 465.470 217.150 465.730 217.410 ;
        RECT 467.730 219.410 467.990 219.670 ;
        RECT 468.250 219.410 468.510 219.670 ;
        RECT 468.770 219.410 469.030 219.670 ;
        RECT 467.730 219.930 467.990 220.190 ;
        RECT 468.250 219.930 468.510 220.190 ;
        RECT 468.770 219.930 469.030 220.190 ;
        RECT 467.730 220.450 467.990 220.710 ;
        RECT 468.250 220.450 468.510 220.710 ;
        RECT 468.770 220.450 469.030 220.710 ;
        RECT 470.150 219.620 470.410 219.880 ;
        RECT 470.770 219.620 471.030 219.880 ;
        RECT 471.390 219.620 471.650 219.880 ;
        RECT 472.010 219.620 472.270 219.880 ;
        RECT 470.150 220.240 470.410 220.500 ;
        RECT 470.770 220.240 471.030 220.500 ;
        RECT 471.390 220.240 471.650 220.500 ;
        RECT 472.010 220.240 472.270 220.500 ;
        RECT 436.165 216.320 436.425 216.580 ;
        RECT 436.785 216.320 437.045 216.580 ;
        RECT 437.405 216.320 437.665 216.580 ;
        RECT 438.025 216.320 438.285 216.580 ;
        RECT 436.165 216.940 436.425 217.200 ;
        RECT 436.785 216.940 437.045 217.200 ;
        RECT 437.405 216.940 437.665 217.200 ;
        RECT 438.025 216.940 438.285 217.200 ;
        RECT 467.730 219.410 467.990 219.670 ;
        RECT 468.250 219.410 468.510 219.670 ;
        RECT 468.770 219.410 469.030 219.670 ;
        RECT 467.730 219.930 467.990 220.190 ;
        RECT 468.250 219.930 468.510 220.190 ;
        RECT 468.770 219.930 469.030 220.190 ;
        RECT 467.730 220.450 467.990 220.710 ;
        RECT 468.250 220.450 468.510 220.710 ;
        RECT 468.770 220.450 469.030 220.710 ;
        RECT 614.430 216.110 614.690 216.370 ;
        RECT 614.950 216.110 615.210 216.370 ;
        RECT 615.470 216.110 615.730 216.370 ;
        RECT 614.430 216.630 614.690 216.890 ;
        RECT 614.950 216.630 615.210 216.890 ;
        RECT 615.470 216.630 615.730 216.890 ;
        RECT 614.430 217.150 614.690 217.410 ;
        RECT 614.950 217.150 615.210 217.410 ;
        RECT 615.470 217.150 615.730 217.410 ;
        RECT 617.730 219.410 617.990 219.670 ;
        RECT 618.250 219.410 618.510 219.670 ;
        RECT 618.770 219.410 619.030 219.670 ;
        RECT 617.730 219.930 617.990 220.190 ;
        RECT 618.250 219.930 618.510 220.190 ;
        RECT 618.770 219.930 619.030 220.190 ;
        RECT 617.730 220.450 617.990 220.710 ;
        RECT 618.250 220.450 618.510 220.710 ;
        RECT 618.770 220.450 619.030 220.710 ;
        RECT 567.500 219.620 567.760 219.880 ;
        RECT 568.120 219.620 568.380 219.880 ;
        RECT 568.740 219.620 569.000 219.880 ;
        RECT 569.360 219.620 569.620 219.880 ;
        RECT 567.500 220.240 567.760 220.500 ;
        RECT 568.120 220.240 568.380 220.500 ;
        RECT 568.740 220.240 569.000 220.500 ;
        RECT 569.360 220.240 569.620 220.500 ;
        RECT 564.430 216.110 564.690 216.370 ;
        RECT 564.950 216.110 565.210 216.370 ;
        RECT 565.470 216.110 565.730 216.370 ;
        RECT 564.430 216.630 564.690 216.890 ;
        RECT 564.950 216.630 565.210 216.890 ;
        RECT 565.470 216.630 565.730 216.890 ;
        RECT 564.430 217.150 564.690 217.410 ;
        RECT 564.950 217.150 565.210 217.410 ;
        RECT 565.470 217.150 565.730 217.410 ;
        RECT 575.730 216.110 575.990 216.370 ;
        RECT 576.250 216.110 576.510 216.370 ;
        RECT 575.730 216.630 575.990 216.890 ;
        RECT 576.250 216.630 576.510 216.890 ;
        RECT 575.730 217.150 575.990 217.410 ;
        RECT 576.250 217.150 576.510 217.410 ;
        RECT 564.430 216.110 564.690 216.370 ;
        RECT 564.950 216.110 565.210 216.370 ;
        RECT 565.470 216.110 565.730 216.370 ;
        RECT 564.430 216.630 564.690 216.890 ;
        RECT 564.950 216.630 565.210 216.890 ;
        RECT 565.470 216.630 565.730 216.890 ;
        RECT 564.430 217.150 564.690 217.410 ;
        RECT 564.950 217.150 565.210 217.410 ;
        RECT 565.470 217.150 565.730 217.410 ;
        RECT 535.050 219.620 535.310 219.880 ;
        RECT 535.670 219.620 535.930 219.880 ;
        RECT 536.290 219.620 536.550 219.880 ;
        RECT 536.910 219.620 537.170 219.880 ;
        RECT 535.050 220.240 535.310 220.500 ;
        RECT 535.670 220.240 535.930 220.500 ;
        RECT 536.290 220.240 536.550 220.500 ;
        RECT 536.910 220.240 537.170 220.500 ;
        RECT 572.090 219.410 572.350 219.670 ;
        RECT 572.610 219.410 572.870 219.670 ;
        RECT 572.090 219.930 572.350 220.190 ;
        RECT 572.610 219.930 572.870 220.190 ;
        RECT 572.090 220.450 572.350 220.710 ;
        RECT 572.610 220.450 572.870 220.710 ;
        RECT 751.710 269.620 751.970 269.880 ;
        RECT 752.330 269.620 752.590 269.880 ;
        RECT 752.950 269.620 753.210 269.880 ;
        RECT 753.570 269.620 753.830 269.880 ;
        RECT 751.710 270.240 751.970 270.500 ;
        RECT 752.330 270.240 752.590 270.500 ;
        RECT 752.950 270.240 753.210 270.500 ;
        RECT 753.570 270.240 753.830 270.500 ;
        RECT 785.695 266.320 785.955 266.580 ;
        RECT 786.315 266.320 786.575 266.580 ;
        RECT 786.935 266.320 787.195 266.580 ;
        RECT 787.555 266.320 787.815 266.580 ;
        RECT 785.695 266.940 785.955 267.200 ;
        RECT 786.315 266.940 786.575 267.200 ;
        RECT 786.935 266.940 787.195 267.200 ;
        RECT 787.555 266.940 787.815 267.200 ;
        RECT 764.430 266.110 764.690 266.370 ;
        RECT 764.950 266.110 765.210 266.370 ;
        RECT 765.470 266.110 765.730 266.370 ;
        RECT 764.430 266.630 764.690 266.890 ;
        RECT 764.950 266.630 765.210 266.890 ;
        RECT 765.470 266.630 765.730 266.890 ;
        RECT 764.430 267.150 764.690 267.410 ;
        RECT 764.950 267.150 765.210 267.410 ;
        RECT 765.470 267.150 765.730 267.410 ;
        RECT 843.690 266.320 843.950 266.580 ;
        RECT 844.310 266.320 844.570 266.580 ;
        RECT 844.930 266.320 845.190 266.580 ;
        RECT 843.690 266.940 843.950 267.200 ;
        RECT 844.310 266.940 844.570 267.200 ;
        RECT 844.930 266.940 845.190 267.200 ;
        RECT 817.730 269.410 817.990 269.670 ;
        RECT 818.250 269.410 818.510 269.670 ;
        RECT 818.770 269.410 819.030 269.670 ;
        RECT 817.730 269.930 817.990 270.190 ;
        RECT 818.250 269.930 818.510 270.190 ;
        RECT 818.770 269.930 819.030 270.190 ;
        RECT 817.730 270.450 817.990 270.710 ;
        RECT 818.250 270.450 818.510 270.710 ;
        RECT 818.770 270.450 819.030 270.710 ;
        RECT 764.430 266.110 764.690 266.370 ;
        RECT 764.950 266.110 765.210 266.370 ;
        RECT 765.470 266.110 765.730 266.370 ;
        RECT 764.430 266.630 764.690 266.890 ;
        RECT 764.950 266.630 765.210 266.890 ;
        RECT 765.470 266.630 765.730 266.890 ;
        RECT 764.430 267.150 764.690 267.410 ;
        RECT 764.950 267.150 765.210 267.410 ;
        RECT 765.470 267.150 765.730 267.410 ;
        RECT 767.730 269.410 767.990 269.670 ;
        RECT 768.250 269.410 768.510 269.670 ;
        RECT 768.770 269.410 769.030 269.670 ;
        RECT 767.730 269.930 767.990 270.190 ;
        RECT 768.250 269.930 768.510 270.190 ;
        RECT 768.770 269.930 769.030 270.190 ;
        RECT 767.730 270.450 767.990 270.710 ;
        RECT 768.250 270.450 768.510 270.710 ;
        RECT 768.770 270.450 769.030 270.710 ;
        RECT 767.730 269.410 767.990 269.670 ;
        RECT 768.250 269.410 768.510 269.670 ;
        RECT 768.770 269.410 769.030 269.670 ;
        RECT 767.730 269.930 767.990 270.190 ;
        RECT 768.250 269.930 768.510 270.190 ;
        RECT 768.770 269.930 769.030 270.190 ;
        RECT 767.730 270.450 767.990 270.710 ;
        RECT 768.250 270.450 768.510 270.710 ;
        RECT 768.770 270.450 769.030 270.710 ;
        RECT 846.190 269.620 846.450 269.880 ;
        RECT 846.810 269.620 847.070 269.880 ;
        RECT 847.430 269.620 847.690 269.880 ;
        RECT 846.190 270.240 846.450 270.500 ;
        RECT 846.810 270.240 847.070 270.500 ;
        RECT 847.430 270.240 847.690 270.500 ;
        RECT 814.430 266.110 814.690 266.370 ;
        RECT 814.950 266.110 815.210 266.370 ;
        RECT 815.470 266.110 815.730 266.370 ;
        RECT 814.430 266.630 814.690 266.890 ;
        RECT 814.950 266.630 815.210 266.890 ;
        RECT 815.470 266.630 815.730 266.890 ;
        RECT 814.430 267.150 814.690 267.410 ;
        RECT 814.950 267.150 815.210 267.410 ;
        RECT 815.470 267.150 815.730 267.410 ;
        RECT 667.730 269.410 667.990 269.670 ;
        RECT 668.250 269.410 668.510 269.670 ;
        RECT 668.770 269.410 669.030 269.670 ;
        RECT 667.730 269.930 667.990 270.190 ;
        RECT 668.250 269.930 668.510 270.190 ;
        RECT 668.770 269.930 669.030 270.190 ;
        RECT 667.730 270.450 667.990 270.710 ;
        RECT 668.250 270.450 668.510 270.710 ;
        RECT 668.770 270.450 669.030 270.710 ;
        RECT 719.260 269.620 719.520 269.880 ;
        RECT 719.880 269.620 720.140 269.880 ;
        RECT 720.500 269.620 720.760 269.880 ;
        RECT 721.120 269.620 721.380 269.880 ;
        RECT 719.260 270.240 719.520 270.500 ;
        RECT 719.880 270.240 720.140 270.500 ;
        RECT 720.500 270.240 720.760 270.500 ;
        RECT 721.120 270.240 721.380 270.500 ;
        RECT 664.430 266.110 664.690 266.370 ;
        RECT 664.950 266.110 665.210 266.370 ;
        RECT 665.470 266.110 665.730 266.370 ;
        RECT 664.430 266.630 664.690 266.890 ;
        RECT 664.950 266.630 665.210 266.890 ;
        RECT 665.470 266.630 665.730 266.890 ;
        RECT 664.430 267.150 664.690 267.410 ;
        RECT 664.950 267.150 665.210 267.410 ;
        RECT 665.470 267.150 665.730 267.410 ;
        RECT 664.430 266.110 664.690 266.370 ;
        RECT 664.950 266.110 665.210 266.370 ;
        RECT 665.470 266.110 665.730 266.370 ;
        RECT 664.430 266.630 664.690 266.890 ;
        RECT 664.950 266.630 665.210 266.890 ;
        RECT 665.470 266.630 665.730 266.890 ;
        RECT 664.430 267.150 664.690 267.410 ;
        RECT 664.950 267.150 665.210 267.410 ;
        RECT 665.470 267.150 665.730 267.410 ;
        RECT 647.470 266.110 647.730 266.370 ;
        RECT 647.990 266.110 648.250 266.370 ;
        RECT 647.470 266.630 647.730 266.890 ;
        RECT 647.990 266.630 648.250 266.890 ;
        RECT 647.470 267.150 647.730 267.410 ;
        RECT 647.990 267.150 648.250 267.410 ;
        RECT 686.810 269.620 687.070 269.880 ;
        RECT 687.430 269.620 687.690 269.880 ;
        RECT 688.050 269.620 688.310 269.880 ;
        RECT 688.670 269.620 688.930 269.880 ;
        RECT 686.810 270.240 687.070 270.500 ;
        RECT 687.430 270.240 687.690 270.500 ;
        RECT 688.050 270.240 688.310 270.500 ;
        RECT 688.670 270.240 688.930 270.500 ;
        RECT 667.730 269.410 667.990 269.670 ;
        RECT 668.250 269.410 668.510 269.670 ;
        RECT 668.770 269.410 669.030 269.670 ;
        RECT 667.730 269.930 667.990 270.190 ;
        RECT 668.250 269.930 668.510 270.190 ;
        RECT 668.770 269.930 669.030 270.190 ;
        RECT 667.730 270.450 667.990 270.710 ;
        RECT 668.250 270.450 668.510 270.710 ;
        RECT 668.770 270.450 669.030 270.710 ;
        RECT 654.360 269.620 654.620 269.880 ;
        RECT 654.980 269.620 655.240 269.880 ;
        RECT 655.600 269.620 655.860 269.880 ;
        RECT 656.220 269.620 656.480 269.880 ;
        RECT 654.360 270.240 654.620 270.500 ;
        RECT 654.980 270.240 655.240 270.500 ;
        RECT 655.600 270.240 655.860 270.500 ;
        RECT 656.220 270.240 656.480 270.500 ;
        RECT 651.110 269.410 651.370 269.670 ;
        RECT 651.630 269.410 651.890 269.670 ;
        RECT 651.110 269.930 651.370 270.190 ;
        RECT 651.630 269.930 651.890 270.190 ;
        RECT 651.110 270.450 651.370 270.710 ;
        RECT 651.630 270.450 651.890 270.710 ;
        RECT 667.730 219.410 667.990 219.670 ;
        RECT 668.250 219.410 668.510 219.670 ;
        RECT 668.770 219.410 669.030 219.670 ;
        RECT 667.730 219.930 667.990 220.190 ;
        RECT 668.250 219.930 668.510 220.190 ;
        RECT 668.770 219.930 669.030 220.190 ;
        RECT 667.730 220.450 667.990 220.710 ;
        RECT 668.250 220.450 668.510 220.710 ;
        RECT 668.770 220.450 669.030 220.710 ;
        RECT 686.810 219.620 687.070 219.880 ;
        RECT 687.430 219.620 687.690 219.880 ;
        RECT 688.050 219.620 688.310 219.880 ;
        RECT 688.670 219.620 688.930 219.880 ;
        RECT 686.810 220.240 687.070 220.500 ;
        RECT 687.430 220.240 687.690 220.500 ;
        RECT 688.050 220.240 688.310 220.500 ;
        RECT 688.670 220.240 688.930 220.500 ;
        RECT 654.360 219.620 654.620 219.880 ;
        RECT 654.980 219.620 655.240 219.880 ;
        RECT 655.600 219.620 655.860 219.880 ;
        RECT 656.220 219.620 656.480 219.880 ;
        RECT 654.360 220.240 654.620 220.500 ;
        RECT 654.980 220.240 655.240 220.500 ;
        RECT 655.600 220.240 655.860 220.500 ;
        RECT 656.220 220.240 656.480 220.500 ;
        RECT 647.470 216.110 647.730 216.370 ;
        RECT 647.990 216.110 648.250 216.370 ;
        RECT 647.470 216.630 647.730 216.890 ;
        RECT 647.990 216.630 648.250 216.890 ;
        RECT 647.470 217.150 647.730 217.410 ;
        RECT 647.990 217.150 648.250 217.410 ;
        RECT 664.430 216.110 664.690 216.370 ;
        RECT 664.950 216.110 665.210 216.370 ;
        RECT 665.470 216.110 665.730 216.370 ;
        RECT 664.430 216.630 664.690 216.890 ;
        RECT 664.950 216.630 665.210 216.890 ;
        RECT 665.470 216.630 665.730 216.890 ;
        RECT 664.430 217.150 664.690 217.410 ;
        RECT 664.950 217.150 665.210 217.410 ;
        RECT 665.470 217.150 665.730 217.410 ;
        RECT 651.110 219.410 651.370 219.670 ;
        RECT 651.630 219.410 651.890 219.670 ;
        RECT 651.110 219.930 651.370 220.190 ;
        RECT 651.630 219.930 651.890 220.190 ;
        RECT 651.110 220.450 651.370 220.710 ;
        RECT 651.630 220.450 651.890 220.710 ;
        RECT 664.430 216.110 664.690 216.370 ;
        RECT 664.950 216.110 665.210 216.370 ;
        RECT 665.470 216.110 665.730 216.370 ;
        RECT 664.430 216.630 664.690 216.890 ;
        RECT 664.950 216.630 665.210 216.890 ;
        RECT 665.470 216.630 665.730 216.890 ;
        RECT 664.430 217.150 664.690 217.410 ;
        RECT 664.950 217.150 665.210 217.410 ;
        RECT 665.470 217.150 665.730 217.410 ;
        RECT 667.730 219.410 667.990 219.670 ;
        RECT 668.250 219.410 668.510 219.670 ;
        RECT 668.770 219.410 669.030 219.670 ;
        RECT 667.730 219.930 667.990 220.190 ;
        RECT 668.250 219.930 668.510 220.190 ;
        RECT 668.770 219.930 669.030 220.190 ;
        RECT 667.730 220.450 667.990 220.710 ;
        RECT 668.250 220.450 668.510 220.710 ;
        RECT 668.770 220.450 669.030 220.710 ;
        RECT 719.260 219.620 719.520 219.880 ;
        RECT 719.880 219.620 720.140 219.880 ;
        RECT 720.500 219.620 720.760 219.880 ;
        RECT 721.120 219.620 721.380 219.880 ;
        RECT 719.260 220.240 719.520 220.500 ;
        RECT 719.880 220.240 720.140 220.500 ;
        RECT 720.500 220.240 720.760 220.500 ;
        RECT 721.120 220.240 721.380 220.500 ;
        RECT 767.730 219.410 767.990 219.670 ;
        RECT 768.250 219.410 768.510 219.670 ;
        RECT 768.770 219.410 769.030 219.670 ;
        RECT 767.730 219.930 767.990 220.190 ;
        RECT 768.250 219.930 768.510 220.190 ;
        RECT 768.770 219.930 769.030 220.190 ;
        RECT 767.730 220.450 767.990 220.710 ;
        RECT 768.250 220.450 768.510 220.710 ;
        RECT 768.770 220.450 769.030 220.710 ;
        RECT 814.430 216.110 814.690 216.370 ;
        RECT 814.950 216.110 815.210 216.370 ;
        RECT 815.470 216.110 815.730 216.370 ;
        RECT 814.430 216.630 814.690 216.890 ;
        RECT 814.950 216.630 815.210 216.890 ;
        RECT 815.470 216.630 815.730 216.890 ;
        RECT 814.430 217.150 814.690 217.410 ;
        RECT 814.950 217.150 815.210 217.410 ;
        RECT 815.470 217.150 815.730 217.410 ;
        RECT 785.695 216.320 785.955 216.580 ;
        RECT 786.315 216.320 786.575 216.580 ;
        RECT 786.935 216.320 787.195 216.580 ;
        RECT 787.555 216.320 787.815 216.580 ;
        RECT 785.695 216.940 785.955 217.200 ;
        RECT 786.315 216.940 786.575 217.200 ;
        RECT 786.935 216.940 787.195 217.200 ;
        RECT 787.555 216.940 787.815 217.200 ;
        RECT 843.690 216.320 843.950 216.580 ;
        RECT 844.310 216.320 844.570 216.580 ;
        RECT 844.930 216.320 845.190 216.580 ;
        RECT 843.690 216.940 843.950 217.200 ;
        RECT 844.310 216.940 844.570 217.200 ;
        RECT 844.930 216.940 845.190 217.200 ;
        RECT 817.730 219.410 817.990 219.670 ;
        RECT 818.250 219.410 818.510 219.670 ;
        RECT 818.770 219.410 819.030 219.670 ;
        RECT 817.730 219.930 817.990 220.190 ;
        RECT 818.250 219.930 818.510 220.190 ;
        RECT 818.770 219.930 819.030 220.190 ;
        RECT 817.730 220.450 817.990 220.710 ;
        RECT 818.250 220.450 818.510 220.710 ;
        RECT 818.770 220.450 819.030 220.710 ;
        RECT 764.430 216.110 764.690 216.370 ;
        RECT 764.950 216.110 765.210 216.370 ;
        RECT 765.470 216.110 765.730 216.370 ;
        RECT 764.430 216.630 764.690 216.890 ;
        RECT 764.950 216.630 765.210 216.890 ;
        RECT 765.470 216.630 765.730 216.890 ;
        RECT 764.430 217.150 764.690 217.410 ;
        RECT 764.950 217.150 765.210 217.410 ;
        RECT 765.470 217.150 765.730 217.410 ;
        RECT 846.190 219.620 846.450 219.880 ;
        RECT 846.810 219.620 847.070 219.880 ;
        RECT 847.430 219.620 847.690 219.880 ;
        RECT 846.190 220.240 846.450 220.500 ;
        RECT 846.810 220.240 847.070 220.500 ;
        RECT 847.430 220.240 847.690 220.500 ;
        RECT 764.430 216.110 764.690 216.370 ;
        RECT 764.950 216.110 765.210 216.370 ;
        RECT 765.470 216.110 765.730 216.370 ;
        RECT 764.430 216.630 764.690 216.890 ;
        RECT 764.950 216.630 765.210 216.890 ;
        RECT 765.470 216.630 765.730 216.890 ;
        RECT 764.430 217.150 764.690 217.410 ;
        RECT 764.950 217.150 765.210 217.410 ;
        RECT 765.470 217.150 765.730 217.410 ;
        RECT 751.710 219.620 751.970 219.880 ;
        RECT 752.330 219.620 752.590 219.880 ;
        RECT 752.950 219.620 753.210 219.880 ;
        RECT 753.570 219.620 753.830 219.880 ;
        RECT 751.710 220.240 751.970 220.500 ;
        RECT 752.330 220.240 752.590 220.500 ;
        RECT 752.950 220.240 753.210 220.500 ;
        RECT 753.570 220.240 753.830 220.500 ;
        RECT 767.730 219.410 767.990 219.670 ;
        RECT 768.250 219.410 768.510 219.670 ;
        RECT 768.770 219.410 769.030 219.670 ;
        RECT 767.730 219.930 767.990 220.190 ;
        RECT 768.250 219.930 768.510 220.190 ;
        RECT 768.770 219.930 769.030 220.190 ;
        RECT 767.730 220.450 767.990 220.710 ;
        RECT 768.250 220.450 768.510 220.710 ;
        RECT 768.770 220.450 769.030 220.710 ;
        RECT 317.940 362.550 318.200 362.810 ;
        RECT 318.560 362.550 318.820 362.810 ;
        RECT 317.940 363.170 318.200 363.430 ;
        RECT 318.560 363.170 318.820 363.430 ;
        RECT 317.940 363.790 318.200 364.050 ;
        RECT 318.560 363.790 318.820 364.050 ;
        RECT 414.640 360.050 414.900 360.310 ;
        RECT 415.260 360.050 415.520 360.310 ;
        RECT 414.640 360.670 414.900 360.930 ;
        RECT 415.260 360.670 415.520 360.930 ;
        RECT 414.640 361.290 414.900 361.550 ;
        RECT 415.260 361.290 415.520 361.550 ;
        RECT 417.940 362.550 418.200 362.810 ;
        RECT 418.560 362.550 418.820 362.810 ;
        RECT 417.940 363.170 418.200 363.430 ;
        RECT 418.560 363.170 418.820 363.430 ;
        RECT 417.940 363.790 418.200 364.050 ;
        RECT 418.560 363.790 418.820 364.050 ;
        RECT 364.640 360.050 364.900 360.310 ;
        RECT 365.260 360.050 365.520 360.310 ;
        RECT 364.640 360.670 364.900 360.930 ;
        RECT 365.260 360.670 365.520 360.930 ;
        RECT 364.640 361.290 364.900 361.550 ;
        RECT 365.260 361.290 365.520 361.550 ;
        RECT 367.940 362.550 368.200 362.810 ;
        RECT 368.560 362.550 368.820 362.810 ;
        RECT 367.940 363.170 368.200 363.430 ;
        RECT 368.560 363.170 368.820 363.430 ;
        RECT 367.940 363.790 368.200 364.050 ;
        RECT 368.560 363.790 368.820 364.050 ;
        RECT 326.850 319.620 327.110 319.880 ;
        RECT 327.470 319.620 327.730 319.880 ;
        RECT 328.090 319.620 328.350 319.880 ;
        RECT 328.710 319.620 328.970 319.880 ;
        RECT 326.850 320.240 327.110 320.500 ;
        RECT 327.470 320.240 327.730 320.500 ;
        RECT 328.090 320.240 328.350 320.500 ;
        RECT 328.710 320.240 328.970 320.500 ;
        RECT 367.730 319.410 367.990 319.670 ;
        RECT 368.250 319.410 368.510 319.670 ;
        RECT 368.770 319.410 369.030 319.670 ;
        RECT 367.730 319.930 367.990 320.190 ;
        RECT 368.250 319.930 368.510 320.190 ;
        RECT 368.770 319.930 369.030 320.190 ;
        RECT 367.730 320.450 367.990 320.710 ;
        RECT 368.250 320.450 368.510 320.710 ;
        RECT 368.770 320.450 369.030 320.710 ;
        RECT 417.730 319.410 417.990 319.670 ;
        RECT 418.250 319.410 418.510 319.670 ;
        RECT 418.770 319.410 419.030 319.670 ;
        RECT 417.730 319.930 417.990 320.190 ;
        RECT 418.250 319.930 418.510 320.190 ;
        RECT 418.770 319.930 419.030 320.190 ;
        RECT 417.730 320.450 417.990 320.710 ;
        RECT 418.250 320.450 418.510 320.710 ;
        RECT 418.770 320.450 419.030 320.710 ;
        RECT 314.640 360.050 314.900 360.310 ;
        RECT 315.260 360.050 315.520 360.310 ;
        RECT 314.640 360.670 314.900 360.930 ;
        RECT 315.260 360.670 315.520 360.930 ;
        RECT 314.640 361.290 314.900 361.550 ;
        RECT 315.260 361.290 315.520 361.550 ;
        RECT 267.940 362.550 268.200 362.810 ;
        RECT 268.560 362.550 268.820 362.810 ;
        RECT 267.940 363.170 268.200 363.430 ;
        RECT 268.560 363.170 268.820 363.430 ;
        RECT 267.940 363.790 268.200 364.050 ;
        RECT 268.560 363.790 268.820 364.050 ;
        RECT 264.640 360.050 264.900 360.310 ;
        RECT 265.260 360.050 265.520 360.310 ;
        RECT 264.640 360.670 264.900 360.930 ;
        RECT 265.260 360.670 265.520 360.930 ;
        RECT 264.640 361.290 264.900 361.550 ;
        RECT 265.260 361.290 265.520 361.550 ;
        RECT 214.640 360.050 214.900 360.310 ;
        RECT 215.260 360.050 215.520 360.310 ;
        RECT 214.640 360.670 214.900 360.930 ;
        RECT 215.260 360.670 215.520 360.930 ;
        RECT 214.640 361.290 214.900 361.550 ;
        RECT 215.260 361.290 215.520 361.550 ;
        RECT 217.940 362.550 218.200 362.810 ;
        RECT 218.560 362.550 218.820 362.810 ;
        RECT 217.940 363.170 218.200 363.430 ;
        RECT 218.560 363.170 218.820 363.430 ;
        RECT 217.940 363.790 218.200 364.050 ;
        RECT 218.560 363.790 218.820 364.050 ;
        RECT 226.250 319.410 226.510 319.670 ;
        RECT 226.770 319.410 227.030 319.670 ;
        RECT 226.250 319.930 226.510 320.190 ;
        RECT 226.770 319.930 227.030 320.190 ;
        RECT 226.250 320.450 226.510 320.710 ;
        RECT 226.770 320.450 227.030 320.710 ;
        RECT 217.730 319.410 217.990 319.670 ;
        RECT 218.250 319.410 218.510 319.670 ;
        RECT 218.770 319.410 219.030 319.670 ;
        RECT 217.730 319.930 217.990 320.190 ;
        RECT 218.250 319.930 218.510 320.190 ;
        RECT 218.770 319.930 219.030 320.190 ;
        RECT 217.730 320.450 217.990 320.710 ;
        RECT 218.250 320.450 218.510 320.710 ;
        RECT 218.770 320.450 219.030 320.710 ;
        RECT 229.500 319.620 229.760 319.880 ;
        RECT 230.120 319.620 230.380 319.880 ;
        RECT 230.740 319.620 231.000 319.880 ;
        RECT 231.360 319.620 231.620 319.880 ;
        RECT 229.500 320.240 229.760 320.500 ;
        RECT 230.120 320.240 230.380 320.500 ;
        RECT 230.740 320.240 231.000 320.500 ;
        RECT 231.360 320.240 231.620 320.500 ;
        RECT 261.950 319.620 262.210 319.880 ;
        RECT 262.570 319.620 262.830 319.880 ;
        RECT 263.190 319.620 263.450 319.880 ;
        RECT 263.810 319.620 264.070 319.880 ;
        RECT 261.950 320.240 262.210 320.500 ;
        RECT 262.570 320.240 262.830 320.500 ;
        RECT 263.190 320.240 263.450 320.500 ;
        RECT 263.810 320.240 264.070 320.500 ;
        RECT 267.730 319.410 267.990 319.670 ;
        RECT 268.250 319.410 268.510 319.670 ;
        RECT 268.770 319.410 269.030 319.670 ;
        RECT 267.730 319.930 267.990 320.190 ;
        RECT 268.250 319.930 268.510 320.190 ;
        RECT 268.770 319.930 269.030 320.190 ;
        RECT 267.730 320.450 267.990 320.710 ;
        RECT 268.250 320.450 268.510 320.710 ;
        RECT 268.770 320.450 269.030 320.710 ;
        RECT 267.730 319.410 267.990 319.670 ;
        RECT 268.250 319.410 268.510 319.670 ;
        RECT 268.770 319.410 269.030 319.670 ;
        RECT 267.730 319.930 267.990 320.190 ;
        RECT 268.250 319.930 268.510 320.190 ;
        RECT 268.770 319.930 269.030 320.190 ;
        RECT 267.730 320.450 267.990 320.710 ;
        RECT 268.250 320.450 268.510 320.710 ;
        RECT 268.770 320.450 269.030 320.710 ;
        RECT 294.400 319.620 294.660 319.880 ;
        RECT 295.020 319.620 295.280 319.880 ;
        RECT 295.640 319.620 295.900 319.880 ;
        RECT 296.260 319.620 296.520 319.880 ;
        RECT 294.400 320.240 294.660 320.500 ;
        RECT 295.020 320.240 295.280 320.500 ;
        RECT 295.640 320.240 295.900 320.500 ;
        RECT 296.260 320.240 296.520 320.500 ;
        RECT 214.430 316.110 214.690 316.370 ;
        RECT 214.950 316.110 215.210 316.370 ;
        RECT 215.470 316.110 215.730 316.370 ;
        RECT 214.430 316.630 214.690 316.890 ;
        RECT 214.950 316.630 215.210 316.890 ;
        RECT 215.470 316.630 215.730 316.890 ;
        RECT 214.430 317.150 214.690 317.410 ;
        RECT 214.950 317.150 215.210 317.410 ;
        RECT 215.470 317.150 215.730 317.410 ;
        RECT 222.610 316.110 222.870 316.370 ;
        RECT 223.130 316.110 223.390 316.370 ;
        RECT 222.610 316.630 222.870 316.890 ;
        RECT 223.130 316.630 223.390 316.890 ;
        RECT 222.610 317.150 222.870 317.410 ;
        RECT 223.130 317.150 223.390 317.410 ;
        RECT 414.430 316.110 414.690 316.370 ;
        RECT 414.950 316.110 415.210 316.370 ;
        RECT 415.470 316.110 415.730 316.370 ;
        RECT 414.430 316.630 414.690 316.890 ;
        RECT 414.950 316.630 415.210 316.890 ;
        RECT 415.470 316.630 415.730 316.890 ;
        RECT 414.430 317.150 414.690 317.410 ;
        RECT 414.950 317.150 415.210 317.410 ;
        RECT 415.470 317.150 415.730 317.410 ;
        RECT 360.835 316.320 361.095 316.580 ;
        RECT 361.455 316.320 361.715 316.580 ;
        RECT 362.075 316.320 362.335 316.580 ;
        RECT 362.695 316.320 362.955 316.580 ;
        RECT 360.835 316.940 361.095 317.200 ;
        RECT 361.455 316.940 361.715 317.200 ;
        RECT 362.075 316.940 362.335 317.200 ;
        RECT 362.695 316.940 362.955 317.200 ;
        RECT 167.940 362.550 168.200 362.810 ;
        RECT 168.560 362.550 168.820 362.810 ;
        RECT 167.940 363.170 168.200 363.430 ;
        RECT 168.560 363.170 168.820 363.430 ;
        RECT 167.940 363.790 168.200 364.050 ;
        RECT 168.560 363.790 168.820 364.050 ;
        RECT 164.640 360.050 164.900 360.310 ;
        RECT 165.260 360.050 165.520 360.310 ;
        RECT 164.640 360.670 164.900 360.930 ;
        RECT 165.260 360.670 165.520 360.930 ;
        RECT 164.640 361.290 164.900 361.550 ;
        RECT 165.260 361.290 165.520 361.550 ;
        RECT 117.940 362.550 118.200 362.810 ;
        RECT 118.560 362.550 118.820 362.810 ;
        RECT 117.940 363.170 118.200 363.430 ;
        RECT 118.560 363.170 118.820 363.430 ;
        RECT 117.940 363.790 118.200 364.050 ;
        RECT 118.560 363.790 118.820 364.050 ;
        RECT 114.640 360.050 114.900 360.310 ;
        RECT 115.260 360.050 115.520 360.310 ;
        RECT 114.640 360.670 114.900 360.930 ;
        RECT 115.260 360.670 115.520 360.930 ;
        RECT 114.640 361.290 114.900 361.550 ;
        RECT 115.260 361.290 115.520 361.550 ;
        RECT 147.230 319.410 147.490 319.670 ;
        RECT 147.750 319.410 148.010 319.670 ;
        RECT 147.230 319.930 147.490 320.190 ;
        RECT 147.750 319.930 148.010 320.190 ;
        RECT 147.230 320.450 147.490 320.710 ;
        RECT 147.750 320.450 148.010 320.710 ;
        RECT 110.190 319.620 110.450 319.880 ;
        RECT 110.810 319.620 111.070 319.880 ;
        RECT 111.430 319.620 111.690 319.880 ;
        RECT 112.050 319.620 112.310 319.880 ;
        RECT 110.190 320.240 110.450 320.500 ;
        RECT 110.810 320.240 111.070 320.500 ;
        RECT 111.430 320.240 111.690 320.500 ;
        RECT 112.050 320.240 112.310 320.500 ;
        RECT 142.640 319.620 142.900 319.880 ;
        RECT 143.260 319.620 143.520 319.880 ;
        RECT 143.880 319.620 144.140 319.880 ;
        RECT 144.500 319.620 144.760 319.880 ;
        RECT 142.640 320.240 142.900 320.500 ;
        RECT 143.260 320.240 143.520 320.500 ;
        RECT 143.880 320.240 144.140 320.500 ;
        RECT 144.500 320.240 144.760 320.500 ;
        RECT 167.730 319.410 167.990 319.670 ;
        RECT 168.250 319.410 168.510 319.670 ;
        RECT 168.770 319.410 169.030 319.670 ;
        RECT 167.730 319.930 167.990 320.190 ;
        RECT 168.250 319.930 168.510 320.190 ;
        RECT 168.770 319.930 169.030 320.190 ;
        RECT 167.730 320.450 167.990 320.710 ;
        RECT 168.250 320.450 168.510 320.710 ;
        RECT 168.770 320.450 169.030 320.710 ;
        RECT 14.640 360.050 14.900 360.310 ;
        RECT 15.260 360.050 15.520 360.310 ;
        RECT 14.640 360.670 14.900 360.930 ;
        RECT 15.260 360.670 15.520 360.930 ;
        RECT 14.640 361.290 14.900 361.550 ;
        RECT 15.260 361.290 15.520 361.550 ;
        RECT 67.730 319.410 67.990 319.670 ;
        RECT 68.250 319.410 68.510 319.670 ;
        RECT 68.770 319.410 69.030 319.670 ;
        RECT 67.730 319.930 67.990 320.190 ;
        RECT 68.250 319.930 68.510 320.190 ;
        RECT 68.770 319.930 69.030 320.190 ;
        RECT 67.730 320.450 67.990 320.710 ;
        RECT 68.250 320.450 68.510 320.710 ;
        RECT 68.770 320.450 69.030 320.710 ;
        RECT 1.830 319.620 2.090 319.880 ;
        RECT 2.450 319.620 2.710 319.880 ;
        RECT 3.070 319.620 3.330 319.880 ;
        RECT 1.830 320.240 2.090 320.500 ;
        RECT 2.450 320.240 2.710 320.500 ;
        RECT 3.070 320.240 3.330 320.500 ;
        RECT 1.830 362.550 2.090 362.810 ;
        RECT 2.450 362.550 2.710 362.810 ;
        RECT 3.070 362.550 3.330 362.810 ;
        RECT 1.830 363.170 2.090 363.430 ;
        RECT 2.450 363.170 2.710 363.430 ;
        RECT 3.070 363.170 3.330 363.430 ;
        RECT 1.830 363.790 2.090 364.050 ;
        RECT 2.450 363.790 2.710 364.050 ;
        RECT 3.070 363.790 3.330 364.050 ;
        RECT 4.330 360.050 4.590 360.310 ;
        RECT 4.950 360.050 5.210 360.310 ;
        RECT 5.570 360.050 5.830 360.310 ;
        RECT 4.330 360.670 4.590 360.930 ;
        RECT 4.950 360.670 5.210 360.930 ;
        RECT 5.570 360.670 5.830 360.930 ;
        RECT 4.330 361.290 4.590 361.550 ;
        RECT 4.950 361.290 5.210 361.550 ;
        RECT 5.570 361.290 5.830 361.550 ;
        RECT 64.640 360.050 64.900 360.310 ;
        RECT 65.260 360.050 65.520 360.310 ;
        RECT 64.640 360.670 64.900 360.930 ;
        RECT 65.260 360.670 65.520 360.930 ;
        RECT 64.640 361.290 64.900 361.550 ;
        RECT 65.260 361.290 65.520 361.550 ;
        RECT 45.290 319.620 45.550 319.880 ;
        RECT 45.910 319.620 46.170 319.880 ;
        RECT 46.530 319.620 46.790 319.880 ;
        RECT 47.150 319.620 47.410 319.880 ;
        RECT 45.290 320.240 45.550 320.500 ;
        RECT 45.910 320.240 46.170 320.500 ;
        RECT 46.530 320.240 46.790 320.500 ;
        RECT 47.150 320.240 47.410 320.500 ;
        RECT 17.940 362.550 18.200 362.810 ;
        RECT 18.560 362.550 18.820 362.810 ;
        RECT 17.940 363.170 18.200 363.430 ;
        RECT 18.560 363.170 18.820 363.430 ;
        RECT 17.940 363.790 18.200 364.050 ;
        RECT 18.560 363.790 18.820 364.050 ;
        RECT 77.740 319.620 78.000 319.880 ;
        RECT 78.360 319.620 78.620 319.880 ;
        RECT 78.980 319.620 79.240 319.880 ;
        RECT 79.600 319.620 79.860 319.880 ;
        RECT 77.740 320.240 78.000 320.500 ;
        RECT 78.360 320.240 78.620 320.500 ;
        RECT 78.980 320.240 79.240 320.500 ;
        RECT 79.600 320.240 79.860 320.500 ;
        RECT 67.730 319.410 67.990 319.670 ;
        RECT 68.250 319.410 68.510 319.670 ;
        RECT 68.770 319.410 69.030 319.670 ;
        RECT 67.730 319.930 67.990 320.190 ;
        RECT 68.250 319.930 68.510 320.190 ;
        RECT 68.770 319.930 69.030 320.190 ;
        RECT 67.730 320.450 67.990 320.710 ;
        RECT 68.250 320.450 68.510 320.710 ;
        RECT 68.770 320.450 69.030 320.710 ;
        RECT 67.940 362.550 68.200 362.810 ;
        RECT 68.560 362.550 68.820 362.810 ;
        RECT 67.940 363.170 68.200 363.430 ;
        RECT 68.560 363.170 68.820 363.430 ;
        RECT 67.940 363.790 68.200 364.050 ;
        RECT 68.560 363.790 68.820 364.050 ;
        RECT 64.430 316.110 64.690 316.370 ;
        RECT 64.950 316.110 65.210 316.370 ;
        RECT 65.470 316.110 65.730 316.370 ;
        RECT 64.430 316.630 64.690 316.890 ;
        RECT 64.950 316.630 65.210 316.890 ;
        RECT 65.470 316.630 65.730 316.890 ;
        RECT 64.430 317.150 64.690 317.410 ;
        RECT 64.950 317.150 65.210 317.410 ;
        RECT 65.470 317.150 65.730 317.410 ;
        RECT 4.330 316.320 4.590 316.580 ;
        RECT 4.950 316.320 5.210 316.580 ;
        RECT 5.570 316.320 5.830 316.580 ;
        RECT 4.330 316.940 4.590 317.200 ;
        RECT 4.950 316.940 5.210 317.200 ;
        RECT 5.570 316.940 5.830 317.200 ;
        RECT 64.430 316.110 64.690 316.370 ;
        RECT 64.950 316.110 65.210 316.370 ;
        RECT 65.470 316.110 65.730 316.370 ;
        RECT 64.430 316.630 64.690 316.890 ;
        RECT 64.950 316.630 65.210 316.890 ;
        RECT 65.470 316.630 65.730 316.890 ;
        RECT 64.430 317.150 64.690 317.410 ;
        RECT 64.950 317.150 65.210 317.410 ;
        RECT 65.470 317.150 65.730 317.410 ;
        RECT 11.305 316.320 11.565 316.580 ;
        RECT 11.925 316.320 12.185 316.580 ;
        RECT 12.545 316.320 12.805 316.580 ;
        RECT 13.165 316.320 13.425 316.580 ;
        RECT 11.305 316.940 11.565 317.200 ;
        RECT 11.925 316.940 12.185 317.200 ;
        RECT 12.545 316.940 12.805 317.200 ;
        RECT 13.165 316.940 13.425 317.200 ;
        RECT 164.430 316.110 164.690 316.370 ;
        RECT 164.950 316.110 165.210 316.370 ;
        RECT 165.470 316.110 165.730 316.370 ;
        RECT 164.430 316.630 164.690 316.890 ;
        RECT 164.950 316.630 165.210 316.890 ;
        RECT 165.470 316.630 165.730 316.890 ;
        RECT 164.430 317.150 164.690 317.410 ;
        RECT 164.950 317.150 165.210 317.410 ;
        RECT 165.470 317.150 165.730 317.410 ;
        RECT 150.870 316.110 151.130 316.370 ;
        RECT 151.390 316.110 151.650 316.370 ;
        RECT 150.870 316.630 151.130 316.890 ;
        RECT 151.390 316.630 151.650 316.890 ;
        RECT 150.870 317.150 151.130 317.410 ;
        RECT 151.390 317.150 151.650 317.410 ;
        RECT 164.430 266.110 164.690 266.370 ;
        RECT 164.950 266.110 165.210 266.370 ;
        RECT 165.470 266.110 165.730 266.370 ;
        RECT 164.430 266.630 164.690 266.890 ;
        RECT 164.950 266.630 165.210 266.890 ;
        RECT 165.470 266.630 165.730 266.890 ;
        RECT 164.430 267.150 164.690 267.410 ;
        RECT 164.950 267.150 165.210 267.410 ;
        RECT 165.470 267.150 165.730 267.410 ;
        RECT 167.730 269.410 167.990 269.670 ;
        RECT 168.250 269.410 168.510 269.670 ;
        RECT 168.770 269.410 169.030 269.670 ;
        RECT 167.730 269.930 167.990 270.190 ;
        RECT 168.250 269.930 168.510 270.190 ;
        RECT 168.770 269.930 169.030 270.190 ;
        RECT 167.730 270.450 167.990 270.710 ;
        RECT 168.250 270.450 168.510 270.710 ;
        RECT 168.770 270.450 169.030 270.710 ;
        RECT 147.230 269.410 147.490 269.670 ;
        RECT 147.750 269.410 148.010 269.670 ;
        RECT 147.230 269.930 147.490 270.190 ;
        RECT 147.750 269.930 148.010 270.190 ;
        RECT 147.230 270.450 147.490 270.710 ;
        RECT 147.750 270.450 148.010 270.710 ;
        RECT 150.870 266.110 151.130 266.370 ;
        RECT 151.390 266.110 151.650 266.370 ;
        RECT 150.870 266.630 151.130 266.890 ;
        RECT 151.390 266.630 151.650 266.890 ;
        RECT 150.870 267.150 151.130 267.410 ;
        RECT 151.390 267.150 151.650 267.410 ;
        RECT 142.640 269.620 142.900 269.880 ;
        RECT 143.260 269.620 143.520 269.880 ;
        RECT 143.880 269.620 144.140 269.880 ;
        RECT 144.500 269.620 144.760 269.880 ;
        RECT 142.640 270.240 142.900 270.500 ;
        RECT 143.260 270.240 143.520 270.500 ;
        RECT 143.880 270.240 144.140 270.500 ;
        RECT 144.500 270.240 144.760 270.500 ;
        RECT 110.190 269.620 110.450 269.880 ;
        RECT 110.810 269.620 111.070 269.880 ;
        RECT 111.430 269.620 111.690 269.880 ;
        RECT 112.050 269.620 112.310 269.880 ;
        RECT 110.190 270.240 110.450 270.500 ;
        RECT 110.810 270.240 111.070 270.500 ;
        RECT 111.430 270.240 111.690 270.500 ;
        RECT 112.050 270.240 112.310 270.500 ;
        RECT 1.830 269.620 2.090 269.880 ;
        RECT 2.450 269.620 2.710 269.880 ;
        RECT 3.070 269.620 3.330 269.880 ;
        RECT 1.830 270.240 2.090 270.500 ;
        RECT 2.450 270.240 2.710 270.500 ;
        RECT 3.070 270.240 3.330 270.500 ;
        RECT 64.430 266.110 64.690 266.370 ;
        RECT 64.950 266.110 65.210 266.370 ;
        RECT 65.470 266.110 65.730 266.370 ;
        RECT 64.430 266.630 64.690 266.890 ;
        RECT 64.950 266.630 65.210 266.890 ;
        RECT 65.470 266.630 65.730 266.890 ;
        RECT 64.430 267.150 64.690 267.410 ;
        RECT 64.950 267.150 65.210 267.410 ;
        RECT 65.470 267.150 65.730 267.410 ;
        RECT 11.305 266.320 11.565 266.580 ;
        RECT 11.925 266.320 12.185 266.580 ;
        RECT 12.545 266.320 12.805 266.580 ;
        RECT 13.165 266.320 13.425 266.580 ;
        RECT 11.305 266.940 11.565 267.200 ;
        RECT 11.925 266.940 12.185 267.200 ;
        RECT 12.545 266.940 12.805 267.200 ;
        RECT 13.165 266.940 13.425 267.200 ;
        RECT 4.330 266.320 4.590 266.580 ;
        RECT 4.950 266.320 5.210 266.580 ;
        RECT 5.570 266.320 5.830 266.580 ;
        RECT 4.330 266.940 4.590 267.200 ;
        RECT 4.950 266.940 5.210 267.200 ;
        RECT 5.570 266.940 5.830 267.200 ;
        RECT 77.740 269.620 78.000 269.880 ;
        RECT 78.360 269.620 78.620 269.880 ;
        RECT 78.980 269.620 79.240 269.880 ;
        RECT 79.600 269.620 79.860 269.880 ;
        RECT 77.740 270.240 78.000 270.500 ;
        RECT 78.360 270.240 78.620 270.500 ;
        RECT 78.980 270.240 79.240 270.500 ;
        RECT 79.600 270.240 79.860 270.500 ;
        RECT 67.730 269.410 67.990 269.670 ;
        RECT 68.250 269.410 68.510 269.670 ;
        RECT 68.770 269.410 69.030 269.670 ;
        RECT 67.730 269.930 67.990 270.190 ;
        RECT 68.250 269.930 68.510 270.190 ;
        RECT 68.770 269.930 69.030 270.190 ;
        RECT 67.730 270.450 67.990 270.710 ;
        RECT 68.250 270.450 68.510 270.710 ;
        RECT 68.770 270.450 69.030 270.710 ;
        RECT 67.730 269.410 67.990 269.670 ;
        RECT 68.250 269.410 68.510 269.670 ;
        RECT 68.770 269.410 69.030 269.670 ;
        RECT 67.730 269.930 67.990 270.190 ;
        RECT 68.250 269.930 68.510 270.190 ;
        RECT 68.770 269.930 69.030 270.190 ;
        RECT 67.730 270.450 67.990 270.710 ;
        RECT 68.250 270.450 68.510 270.710 ;
        RECT 68.770 270.450 69.030 270.710 ;
        RECT 64.430 266.110 64.690 266.370 ;
        RECT 64.950 266.110 65.210 266.370 ;
        RECT 65.470 266.110 65.730 266.370 ;
        RECT 64.430 266.630 64.690 266.890 ;
        RECT 64.950 266.630 65.210 266.890 ;
        RECT 65.470 266.630 65.730 266.890 ;
        RECT 64.430 267.150 64.690 267.410 ;
        RECT 64.950 267.150 65.210 267.410 ;
        RECT 65.470 267.150 65.730 267.410 ;
        RECT 45.290 269.620 45.550 269.880 ;
        RECT 45.910 269.620 46.170 269.880 ;
        RECT 46.530 269.620 46.790 269.880 ;
        RECT 47.150 269.620 47.410 269.880 ;
        RECT 45.290 270.240 45.550 270.500 ;
        RECT 45.910 270.240 46.170 270.500 ;
        RECT 46.530 270.240 46.790 270.500 ;
        RECT 47.150 270.240 47.410 270.500 ;
        RECT 77.740 219.620 78.000 219.880 ;
        RECT 78.360 219.620 78.620 219.880 ;
        RECT 78.980 219.620 79.240 219.880 ;
        RECT 79.600 219.620 79.860 219.880 ;
        RECT 77.740 220.240 78.000 220.500 ;
        RECT 78.360 220.240 78.620 220.500 ;
        RECT 78.980 220.240 79.240 220.500 ;
        RECT 79.600 220.240 79.860 220.500 ;
        RECT 64.430 216.110 64.690 216.370 ;
        RECT 64.950 216.110 65.210 216.370 ;
        RECT 65.470 216.110 65.730 216.370 ;
        RECT 64.430 216.630 64.690 216.890 ;
        RECT 64.950 216.630 65.210 216.890 ;
        RECT 65.470 216.630 65.730 216.890 ;
        RECT 64.430 217.150 64.690 217.410 ;
        RECT 64.950 217.150 65.210 217.410 ;
        RECT 65.470 217.150 65.730 217.410 ;
        RECT 11.305 216.320 11.565 216.580 ;
        RECT 11.925 216.320 12.185 216.580 ;
        RECT 12.545 216.320 12.805 216.580 ;
        RECT 13.165 216.320 13.425 216.580 ;
        RECT 11.305 216.940 11.565 217.200 ;
        RECT 11.925 216.940 12.185 217.200 ;
        RECT 12.545 216.940 12.805 217.200 ;
        RECT 13.165 216.940 13.425 217.200 ;
        RECT 1.830 219.620 2.090 219.880 ;
        RECT 2.450 219.620 2.710 219.880 ;
        RECT 3.070 219.620 3.330 219.880 ;
        RECT 1.830 220.240 2.090 220.500 ;
        RECT 2.450 220.240 2.710 220.500 ;
        RECT 3.070 220.240 3.330 220.500 ;
        RECT 4.330 216.320 4.590 216.580 ;
        RECT 4.950 216.320 5.210 216.580 ;
        RECT 5.570 216.320 5.830 216.580 ;
        RECT 4.330 216.940 4.590 217.200 ;
        RECT 4.950 216.940 5.210 217.200 ;
        RECT 5.570 216.940 5.830 217.200 ;
        RECT 45.290 219.620 45.550 219.880 ;
        RECT 45.910 219.620 46.170 219.880 ;
        RECT 46.530 219.620 46.790 219.880 ;
        RECT 47.150 219.620 47.410 219.880 ;
        RECT 45.290 220.240 45.550 220.500 ;
        RECT 45.910 220.240 46.170 220.500 ;
        RECT 46.530 220.240 46.790 220.500 ;
        RECT 47.150 220.240 47.410 220.500 ;
        RECT 64.430 216.110 64.690 216.370 ;
        RECT 64.950 216.110 65.210 216.370 ;
        RECT 65.470 216.110 65.730 216.370 ;
        RECT 64.430 216.630 64.690 216.890 ;
        RECT 64.950 216.630 65.210 216.890 ;
        RECT 65.470 216.630 65.730 216.890 ;
        RECT 64.430 217.150 64.690 217.410 ;
        RECT 64.950 217.150 65.210 217.410 ;
        RECT 65.470 217.150 65.730 217.410 ;
        RECT 67.730 219.410 67.990 219.670 ;
        RECT 68.250 219.410 68.510 219.670 ;
        RECT 68.770 219.410 69.030 219.670 ;
        RECT 67.730 219.930 67.990 220.190 ;
        RECT 68.250 219.930 68.510 220.190 ;
        RECT 68.770 219.930 69.030 220.190 ;
        RECT 67.730 220.450 67.990 220.710 ;
        RECT 68.250 220.450 68.510 220.710 ;
        RECT 68.770 220.450 69.030 220.710 ;
        RECT 67.730 219.410 67.990 219.670 ;
        RECT 68.250 219.410 68.510 219.670 ;
        RECT 68.770 219.410 69.030 219.670 ;
        RECT 67.730 219.930 67.990 220.190 ;
        RECT 68.250 219.930 68.510 220.190 ;
        RECT 68.770 219.930 69.030 220.190 ;
        RECT 67.730 220.450 67.990 220.710 ;
        RECT 68.250 220.450 68.510 220.710 ;
        RECT 68.770 220.450 69.030 220.710 ;
        RECT 167.730 219.410 167.990 219.670 ;
        RECT 168.250 219.410 168.510 219.670 ;
        RECT 168.770 219.410 169.030 219.670 ;
        RECT 167.730 219.930 167.990 220.190 ;
        RECT 168.250 219.930 168.510 220.190 ;
        RECT 168.770 219.930 169.030 220.190 ;
        RECT 167.730 220.450 167.990 220.710 ;
        RECT 168.250 220.450 168.510 220.710 ;
        RECT 168.770 220.450 169.030 220.710 ;
        RECT 150.870 216.110 151.130 216.370 ;
        RECT 151.390 216.110 151.650 216.370 ;
        RECT 150.870 216.630 151.130 216.890 ;
        RECT 151.390 216.630 151.650 216.890 ;
        RECT 150.870 217.150 151.130 217.410 ;
        RECT 151.390 217.150 151.650 217.410 ;
        RECT 110.190 219.620 110.450 219.880 ;
        RECT 110.810 219.620 111.070 219.880 ;
        RECT 111.430 219.620 111.690 219.880 ;
        RECT 112.050 219.620 112.310 219.880 ;
        RECT 110.190 220.240 110.450 220.500 ;
        RECT 110.810 220.240 111.070 220.500 ;
        RECT 111.430 220.240 111.690 220.500 ;
        RECT 112.050 220.240 112.310 220.500 ;
        RECT 147.230 219.410 147.490 219.670 ;
        RECT 147.750 219.410 148.010 219.670 ;
        RECT 147.230 219.930 147.490 220.190 ;
        RECT 147.750 219.930 148.010 220.190 ;
        RECT 147.230 220.450 147.490 220.710 ;
        RECT 147.750 220.450 148.010 220.710 ;
        RECT 164.430 216.110 164.690 216.370 ;
        RECT 164.950 216.110 165.210 216.370 ;
        RECT 165.470 216.110 165.730 216.370 ;
        RECT 164.430 216.630 164.690 216.890 ;
        RECT 164.950 216.630 165.210 216.890 ;
        RECT 165.470 216.630 165.730 216.890 ;
        RECT 164.430 217.150 164.690 217.410 ;
        RECT 164.950 217.150 165.210 217.410 ;
        RECT 165.470 217.150 165.730 217.410 ;
        RECT 142.640 219.620 142.900 219.880 ;
        RECT 143.260 219.620 143.520 219.880 ;
        RECT 143.880 219.620 144.140 219.880 ;
        RECT 144.500 219.620 144.760 219.880 ;
        RECT 142.640 220.240 142.900 220.500 ;
        RECT 143.260 220.240 143.520 220.500 ;
        RECT 143.880 220.240 144.140 220.500 ;
        RECT 144.500 220.240 144.760 220.500 ;
        RECT 417.730 269.410 417.990 269.670 ;
        RECT 418.250 269.410 418.510 269.670 ;
        RECT 418.770 269.410 419.030 269.670 ;
        RECT 417.730 269.930 417.990 270.190 ;
        RECT 418.250 269.930 418.510 270.190 ;
        RECT 418.770 269.930 419.030 270.190 ;
        RECT 417.730 270.450 417.990 270.710 ;
        RECT 418.250 270.450 418.510 270.710 ;
        RECT 418.770 270.450 419.030 270.710 ;
        RECT 414.430 266.110 414.690 266.370 ;
        RECT 414.950 266.110 415.210 266.370 ;
        RECT 415.470 266.110 415.730 266.370 ;
        RECT 414.430 266.630 414.690 266.890 ;
        RECT 414.950 266.630 415.210 266.890 ;
        RECT 415.470 266.630 415.730 266.890 ;
        RECT 414.430 267.150 414.690 267.410 ;
        RECT 414.950 267.150 415.210 267.410 ;
        RECT 415.470 267.150 415.730 267.410 ;
        RECT 367.730 269.410 367.990 269.670 ;
        RECT 368.250 269.410 368.510 269.670 ;
        RECT 368.770 269.410 369.030 269.670 ;
        RECT 367.730 269.930 367.990 270.190 ;
        RECT 368.250 269.930 368.510 270.190 ;
        RECT 368.770 269.930 369.030 270.190 ;
        RECT 367.730 270.450 367.990 270.710 ;
        RECT 368.250 270.450 368.510 270.710 ;
        RECT 368.770 270.450 369.030 270.710 ;
        RECT 326.850 269.620 327.110 269.880 ;
        RECT 327.470 269.620 327.730 269.880 ;
        RECT 328.090 269.620 328.350 269.880 ;
        RECT 328.710 269.620 328.970 269.880 ;
        RECT 326.850 270.240 327.110 270.500 ;
        RECT 327.470 270.240 327.730 270.500 ;
        RECT 328.090 270.240 328.350 270.500 ;
        RECT 328.710 270.240 328.970 270.500 ;
        RECT 360.835 266.320 361.095 266.580 ;
        RECT 361.455 266.320 361.715 266.580 ;
        RECT 362.075 266.320 362.335 266.580 ;
        RECT 362.695 266.320 362.955 266.580 ;
        RECT 360.835 266.940 361.095 267.200 ;
        RECT 361.455 266.940 361.715 267.200 ;
        RECT 362.075 266.940 362.335 267.200 ;
        RECT 362.695 266.940 362.955 267.200 ;
        RECT 267.730 269.410 267.990 269.670 ;
        RECT 268.250 269.410 268.510 269.670 ;
        RECT 268.770 269.410 269.030 269.670 ;
        RECT 267.730 269.930 267.990 270.190 ;
        RECT 268.250 269.930 268.510 270.190 ;
        RECT 268.770 269.930 269.030 270.190 ;
        RECT 267.730 270.450 267.990 270.710 ;
        RECT 268.250 270.450 268.510 270.710 ;
        RECT 268.770 270.450 269.030 270.710 ;
        RECT 294.400 269.620 294.660 269.880 ;
        RECT 295.020 269.620 295.280 269.880 ;
        RECT 295.640 269.620 295.900 269.880 ;
        RECT 296.260 269.620 296.520 269.880 ;
        RECT 294.400 270.240 294.660 270.500 ;
        RECT 295.020 270.240 295.280 270.500 ;
        RECT 295.640 270.240 295.900 270.500 ;
        RECT 296.260 270.240 296.520 270.500 ;
        RECT 267.730 269.410 267.990 269.670 ;
        RECT 268.250 269.410 268.510 269.670 ;
        RECT 268.770 269.410 269.030 269.670 ;
        RECT 267.730 269.930 267.990 270.190 ;
        RECT 268.250 269.930 268.510 270.190 ;
        RECT 268.770 269.930 269.030 270.190 ;
        RECT 267.730 270.450 267.990 270.710 ;
        RECT 268.250 270.450 268.510 270.710 ;
        RECT 268.770 270.450 269.030 270.710 ;
        RECT 261.950 269.620 262.210 269.880 ;
        RECT 262.570 269.620 262.830 269.880 ;
        RECT 263.190 269.620 263.450 269.880 ;
        RECT 263.810 269.620 264.070 269.880 ;
        RECT 261.950 270.240 262.210 270.500 ;
        RECT 262.570 270.240 262.830 270.500 ;
        RECT 263.190 270.240 263.450 270.500 ;
        RECT 263.810 270.240 264.070 270.500 ;
        RECT 226.250 269.410 226.510 269.670 ;
        RECT 226.770 269.410 227.030 269.670 ;
        RECT 226.250 269.930 226.510 270.190 ;
        RECT 226.770 269.930 227.030 270.190 ;
        RECT 226.250 270.450 226.510 270.710 ;
        RECT 226.770 270.450 227.030 270.710 ;
        RECT 222.610 266.110 222.870 266.370 ;
        RECT 223.130 266.110 223.390 266.370 ;
        RECT 222.610 266.630 222.870 266.890 ;
        RECT 223.130 266.630 223.390 266.890 ;
        RECT 222.610 267.150 222.870 267.410 ;
        RECT 223.130 267.150 223.390 267.410 ;
        RECT 214.430 266.110 214.690 266.370 ;
        RECT 214.950 266.110 215.210 266.370 ;
        RECT 215.470 266.110 215.730 266.370 ;
        RECT 214.430 266.630 214.690 266.890 ;
        RECT 214.950 266.630 215.210 266.890 ;
        RECT 215.470 266.630 215.730 266.890 ;
        RECT 214.430 267.150 214.690 267.410 ;
        RECT 214.950 267.150 215.210 267.410 ;
        RECT 215.470 267.150 215.730 267.410 ;
        RECT 229.500 269.620 229.760 269.880 ;
        RECT 230.120 269.620 230.380 269.880 ;
        RECT 230.740 269.620 231.000 269.880 ;
        RECT 231.360 269.620 231.620 269.880 ;
        RECT 229.500 270.240 229.760 270.500 ;
        RECT 230.120 270.240 230.380 270.500 ;
        RECT 230.740 270.240 231.000 270.500 ;
        RECT 231.360 270.240 231.620 270.500 ;
        RECT 217.730 269.410 217.990 269.670 ;
        RECT 218.250 269.410 218.510 269.670 ;
        RECT 218.770 269.410 219.030 269.670 ;
        RECT 217.730 269.930 217.990 270.190 ;
        RECT 218.250 269.930 218.510 270.190 ;
        RECT 218.770 269.930 219.030 270.190 ;
        RECT 217.730 270.450 217.990 270.710 ;
        RECT 218.250 270.450 218.510 270.710 ;
        RECT 218.770 270.450 219.030 270.710 ;
        RECT 217.730 219.410 217.990 219.670 ;
        RECT 218.250 219.410 218.510 219.670 ;
        RECT 218.770 219.410 219.030 219.670 ;
        RECT 217.730 219.930 217.990 220.190 ;
        RECT 218.250 219.930 218.510 220.190 ;
        RECT 218.770 219.930 219.030 220.190 ;
        RECT 217.730 220.450 217.990 220.710 ;
        RECT 218.250 220.450 218.510 220.710 ;
        RECT 218.770 220.450 219.030 220.710 ;
        RECT 222.610 216.110 222.870 216.370 ;
        RECT 223.130 216.110 223.390 216.370 ;
        RECT 222.610 216.630 222.870 216.890 ;
        RECT 223.130 216.630 223.390 216.890 ;
        RECT 222.610 217.150 222.870 217.410 ;
        RECT 223.130 217.150 223.390 217.410 ;
        RECT 267.730 219.410 267.990 219.670 ;
        RECT 268.250 219.410 268.510 219.670 ;
        RECT 268.770 219.410 269.030 219.670 ;
        RECT 267.730 219.930 267.990 220.190 ;
        RECT 268.250 219.930 268.510 220.190 ;
        RECT 268.770 219.930 269.030 220.190 ;
        RECT 267.730 220.450 267.990 220.710 ;
        RECT 268.250 220.450 268.510 220.710 ;
        RECT 268.770 220.450 269.030 220.710 ;
        RECT 214.430 216.110 214.690 216.370 ;
        RECT 214.950 216.110 215.210 216.370 ;
        RECT 215.470 216.110 215.730 216.370 ;
        RECT 214.430 216.630 214.690 216.890 ;
        RECT 214.950 216.630 215.210 216.890 ;
        RECT 215.470 216.630 215.730 216.890 ;
        RECT 214.430 217.150 214.690 217.410 ;
        RECT 214.950 217.150 215.210 217.410 ;
        RECT 215.470 217.150 215.730 217.410 ;
        RECT 261.950 219.620 262.210 219.880 ;
        RECT 262.570 219.620 262.830 219.880 ;
        RECT 263.190 219.620 263.450 219.880 ;
        RECT 263.810 219.620 264.070 219.880 ;
        RECT 261.950 220.240 262.210 220.500 ;
        RECT 262.570 220.240 262.830 220.500 ;
        RECT 263.190 220.240 263.450 220.500 ;
        RECT 263.810 220.240 264.070 220.500 ;
        RECT 229.500 219.620 229.760 219.880 ;
        RECT 230.120 219.620 230.380 219.880 ;
        RECT 230.740 219.620 231.000 219.880 ;
        RECT 231.360 219.620 231.620 219.880 ;
        RECT 229.500 220.240 229.760 220.500 ;
        RECT 230.120 220.240 230.380 220.500 ;
        RECT 230.740 220.240 231.000 220.500 ;
        RECT 231.360 220.240 231.620 220.500 ;
        RECT 226.250 219.410 226.510 219.670 ;
        RECT 226.770 219.410 227.030 219.670 ;
        RECT 226.250 219.930 226.510 220.190 ;
        RECT 226.770 219.930 227.030 220.190 ;
        RECT 226.250 220.450 226.510 220.710 ;
        RECT 226.770 220.450 227.030 220.710 ;
        RECT 294.400 219.620 294.660 219.880 ;
        RECT 295.020 219.620 295.280 219.880 ;
        RECT 295.640 219.620 295.900 219.880 ;
        RECT 296.260 219.620 296.520 219.880 ;
        RECT 294.400 220.240 294.660 220.500 ;
        RECT 295.020 220.240 295.280 220.500 ;
        RECT 295.640 220.240 295.900 220.500 ;
        RECT 296.260 220.240 296.520 220.500 ;
        RECT 267.730 219.410 267.990 219.670 ;
        RECT 268.250 219.410 268.510 219.670 ;
        RECT 268.770 219.410 269.030 219.670 ;
        RECT 267.730 219.930 267.990 220.190 ;
        RECT 268.250 219.930 268.510 220.190 ;
        RECT 268.770 219.930 269.030 220.190 ;
        RECT 267.730 220.450 267.990 220.710 ;
        RECT 268.250 220.450 268.510 220.710 ;
        RECT 268.770 220.450 269.030 220.710 ;
        RECT 414.430 216.110 414.690 216.370 ;
        RECT 414.950 216.110 415.210 216.370 ;
        RECT 415.470 216.110 415.730 216.370 ;
        RECT 414.430 216.630 414.690 216.890 ;
        RECT 414.950 216.630 415.210 216.890 ;
        RECT 415.470 216.630 415.730 216.890 ;
        RECT 414.430 217.150 414.690 217.410 ;
        RECT 414.950 217.150 415.210 217.410 ;
        RECT 415.470 217.150 415.730 217.410 ;
        RECT 417.730 219.410 417.990 219.670 ;
        RECT 418.250 219.410 418.510 219.670 ;
        RECT 418.770 219.410 419.030 219.670 ;
        RECT 417.730 219.930 417.990 220.190 ;
        RECT 418.250 219.930 418.510 220.190 ;
        RECT 418.770 219.930 419.030 220.190 ;
        RECT 417.730 220.450 417.990 220.710 ;
        RECT 418.250 220.450 418.510 220.710 ;
        RECT 418.770 220.450 419.030 220.710 ;
        RECT 367.730 219.410 367.990 219.670 ;
        RECT 368.250 219.410 368.510 219.670 ;
        RECT 368.770 219.410 369.030 219.670 ;
        RECT 367.730 219.930 367.990 220.190 ;
        RECT 368.250 219.930 368.510 220.190 ;
        RECT 368.770 219.930 369.030 220.190 ;
        RECT 367.730 220.450 367.990 220.710 ;
        RECT 368.250 220.450 368.510 220.710 ;
        RECT 368.770 220.450 369.030 220.710 ;
        RECT 326.850 219.620 327.110 219.880 ;
        RECT 327.470 219.620 327.730 219.880 ;
        RECT 328.090 219.620 328.350 219.880 ;
        RECT 328.710 219.620 328.970 219.880 ;
        RECT 326.850 220.240 327.110 220.500 ;
        RECT 327.470 220.240 327.730 220.500 ;
        RECT 328.090 220.240 328.350 220.500 ;
        RECT 328.710 220.240 328.970 220.500 ;
        RECT 360.835 216.320 361.095 216.580 ;
        RECT 361.455 216.320 361.715 216.580 ;
        RECT 362.075 216.320 362.335 216.580 ;
        RECT 362.695 216.320 362.955 216.580 ;
        RECT 360.835 216.940 361.095 217.200 ;
        RECT 361.455 216.940 361.715 217.200 ;
        RECT 362.075 216.940 362.335 217.200 ;
        RECT 362.695 216.940 362.955 217.200 ;
        RECT 414.430 166.110 414.690 166.370 ;
        RECT 414.950 166.110 415.210 166.370 ;
        RECT 415.470 166.110 415.730 166.370 ;
        RECT 414.430 166.630 414.690 166.890 ;
        RECT 414.950 166.630 415.210 166.890 ;
        RECT 415.470 166.630 415.730 166.890 ;
        RECT 414.430 167.150 414.690 167.410 ;
        RECT 414.950 167.150 415.210 167.410 ;
        RECT 415.470 167.150 415.730 167.410 ;
        RECT 417.730 169.410 417.990 169.670 ;
        RECT 418.250 169.410 418.510 169.670 ;
        RECT 418.770 169.410 419.030 169.670 ;
        RECT 417.730 169.930 417.990 170.190 ;
        RECT 418.250 169.930 418.510 170.190 ;
        RECT 418.770 169.930 419.030 170.190 ;
        RECT 417.730 170.450 417.990 170.710 ;
        RECT 418.250 170.450 418.510 170.710 ;
        RECT 418.770 170.450 419.030 170.710 ;
        RECT 367.730 169.410 367.990 169.670 ;
        RECT 368.250 169.410 368.510 169.670 ;
        RECT 368.770 169.410 369.030 169.670 ;
        RECT 367.730 169.930 367.990 170.190 ;
        RECT 368.250 169.930 368.510 170.190 ;
        RECT 368.770 169.930 369.030 170.190 ;
        RECT 367.730 170.450 367.990 170.710 ;
        RECT 368.250 170.450 368.510 170.710 ;
        RECT 368.770 170.450 369.030 170.710 ;
        RECT 360.835 166.320 361.095 166.580 ;
        RECT 361.455 166.320 361.715 166.580 ;
        RECT 362.075 166.320 362.335 166.580 ;
        RECT 362.695 166.320 362.955 166.580 ;
        RECT 360.835 166.940 361.095 167.200 ;
        RECT 361.455 166.940 361.715 167.200 ;
        RECT 362.075 166.940 362.335 167.200 ;
        RECT 362.695 166.940 362.955 167.200 ;
        RECT 326.850 169.620 327.110 169.880 ;
        RECT 327.470 169.620 327.730 169.880 ;
        RECT 328.090 169.620 328.350 169.880 ;
        RECT 328.710 169.620 328.970 169.880 ;
        RECT 326.850 170.240 327.110 170.500 ;
        RECT 327.470 170.240 327.730 170.500 ;
        RECT 328.090 170.240 328.350 170.500 ;
        RECT 328.710 170.240 328.970 170.500 ;
        RECT 267.730 169.410 267.990 169.670 ;
        RECT 268.250 169.410 268.510 169.670 ;
        RECT 268.770 169.410 269.030 169.670 ;
        RECT 267.730 169.930 267.990 170.190 ;
        RECT 268.250 169.930 268.510 170.190 ;
        RECT 268.770 169.930 269.030 170.190 ;
        RECT 267.730 170.450 267.990 170.710 ;
        RECT 268.250 170.450 268.510 170.710 ;
        RECT 268.770 170.450 269.030 170.710 ;
        RECT 267.730 169.410 267.990 169.670 ;
        RECT 268.250 169.410 268.510 169.670 ;
        RECT 268.770 169.410 269.030 169.670 ;
        RECT 267.730 169.930 267.990 170.190 ;
        RECT 268.250 169.930 268.510 170.190 ;
        RECT 268.770 169.930 269.030 170.190 ;
        RECT 267.730 170.450 267.990 170.710 ;
        RECT 268.250 170.450 268.510 170.710 ;
        RECT 268.770 170.450 269.030 170.710 ;
        RECT 294.400 169.620 294.660 169.880 ;
        RECT 295.020 169.620 295.280 169.880 ;
        RECT 295.640 169.620 295.900 169.880 ;
        RECT 296.260 169.620 296.520 169.880 ;
        RECT 294.400 170.240 294.660 170.500 ;
        RECT 295.020 170.240 295.280 170.500 ;
        RECT 295.640 170.240 295.900 170.500 ;
        RECT 296.260 170.240 296.520 170.500 ;
        RECT 226.250 169.410 226.510 169.670 ;
        RECT 226.770 169.410 227.030 169.670 ;
        RECT 226.250 169.930 226.510 170.190 ;
        RECT 226.770 169.930 227.030 170.190 ;
        RECT 226.250 170.450 226.510 170.710 ;
        RECT 226.770 170.450 227.030 170.710 ;
        RECT 222.610 166.110 222.870 166.370 ;
        RECT 223.130 166.110 223.390 166.370 ;
        RECT 222.610 166.630 222.870 166.890 ;
        RECT 223.130 166.630 223.390 166.890 ;
        RECT 222.610 167.150 222.870 167.410 ;
        RECT 223.130 167.150 223.390 167.410 ;
        RECT 214.430 166.110 214.690 166.370 ;
        RECT 214.950 166.110 215.210 166.370 ;
        RECT 215.470 166.110 215.730 166.370 ;
        RECT 214.430 166.630 214.690 166.890 ;
        RECT 214.950 166.630 215.210 166.890 ;
        RECT 215.470 166.630 215.730 166.890 ;
        RECT 214.430 167.150 214.690 167.410 ;
        RECT 214.950 167.150 215.210 167.410 ;
        RECT 215.470 167.150 215.730 167.410 ;
        RECT 217.730 169.410 217.990 169.670 ;
        RECT 218.250 169.410 218.510 169.670 ;
        RECT 218.770 169.410 219.030 169.670 ;
        RECT 217.730 169.930 217.990 170.190 ;
        RECT 218.250 169.930 218.510 170.190 ;
        RECT 218.770 169.930 219.030 170.190 ;
        RECT 217.730 170.450 217.990 170.710 ;
        RECT 218.250 170.450 218.510 170.710 ;
        RECT 218.770 170.450 219.030 170.710 ;
        RECT 229.500 169.620 229.760 169.880 ;
        RECT 230.120 169.620 230.380 169.880 ;
        RECT 230.740 169.620 231.000 169.880 ;
        RECT 231.360 169.620 231.620 169.880 ;
        RECT 229.500 170.240 229.760 170.500 ;
        RECT 230.120 170.240 230.380 170.500 ;
        RECT 230.740 170.240 231.000 170.500 ;
        RECT 231.360 170.240 231.620 170.500 ;
        RECT 261.950 169.620 262.210 169.880 ;
        RECT 262.570 169.620 262.830 169.880 ;
        RECT 263.190 169.620 263.450 169.880 ;
        RECT 263.810 169.620 264.070 169.880 ;
        RECT 261.950 170.240 262.210 170.500 ;
        RECT 262.570 170.240 262.830 170.500 ;
        RECT 263.190 170.240 263.450 170.500 ;
        RECT 263.810 170.240 264.070 170.500 ;
        RECT 222.610 116.110 222.870 116.370 ;
        RECT 223.130 116.110 223.390 116.370 ;
        RECT 222.610 116.630 222.870 116.890 ;
        RECT 223.130 116.630 223.390 116.890 ;
        RECT 222.610 117.150 222.870 117.410 ;
        RECT 223.130 117.150 223.390 117.410 ;
        RECT 217.730 119.410 217.990 119.670 ;
        RECT 218.250 119.410 218.510 119.670 ;
        RECT 218.770 119.410 219.030 119.670 ;
        RECT 217.730 119.930 217.990 120.190 ;
        RECT 218.250 119.930 218.510 120.190 ;
        RECT 218.770 119.930 219.030 120.190 ;
        RECT 217.730 120.450 217.990 120.710 ;
        RECT 218.250 120.450 218.510 120.710 ;
        RECT 218.770 120.450 219.030 120.710 ;
        RECT 214.430 116.110 214.690 116.370 ;
        RECT 214.950 116.110 215.210 116.370 ;
        RECT 215.470 116.110 215.730 116.370 ;
        RECT 214.430 116.630 214.690 116.890 ;
        RECT 214.950 116.630 215.210 116.890 ;
        RECT 215.470 116.630 215.730 116.890 ;
        RECT 214.430 117.150 214.690 117.410 ;
        RECT 214.950 117.150 215.210 117.410 ;
        RECT 215.470 117.150 215.730 117.410 ;
        RECT 267.730 119.410 267.990 119.670 ;
        RECT 268.250 119.410 268.510 119.670 ;
        RECT 268.770 119.410 269.030 119.670 ;
        RECT 267.730 119.930 267.990 120.190 ;
        RECT 268.250 119.930 268.510 120.190 ;
        RECT 268.770 119.930 269.030 120.190 ;
        RECT 267.730 120.450 267.990 120.710 ;
        RECT 268.250 120.450 268.510 120.710 ;
        RECT 268.770 120.450 269.030 120.710 ;
        RECT 229.500 119.620 229.760 119.880 ;
        RECT 230.120 119.620 230.380 119.880 ;
        RECT 230.740 119.620 231.000 119.880 ;
        RECT 231.360 119.620 231.620 119.880 ;
        RECT 229.500 120.240 229.760 120.500 ;
        RECT 230.120 120.240 230.380 120.500 ;
        RECT 230.740 120.240 231.000 120.500 ;
        RECT 231.360 120.240 231.620 120.500 ;
        RECT 226.250 119.410 226.510 119.670 ;
        RECT 226.770 119.410 227.030 119.670 ;
        RECT 226.250 119.930 226.510 120.190 ;
        RECT 226.770 119.930 227.030 120.190 ;
        RECT 226.250 120.450 226.510 120.710 ;
        RECT 226.770 120.450 227.030 120.710 ;
        RECT 294.400 119.620 294.660 119.880 ;
        RECT 295.020 119.620 295.280 119.880 ;
        RECT 295.640 119.620 295.900 119.880 ;
        RECT 296.260 119.620 296.520 119.880 ;
        RECT 294.400 120.240 294.660 120.500 ;
        RECT 295.020 120.240 295.280 120.500 ;
        RECT 295.640 120.240 295.900 120.500 ;
        RECT 296.260 120.240 296.520 120.500 ;
        RECT 267.730 119.410 267.990 119.670 ;
        RECT 268.250 119.410 268.510 119.670 ;
        RECT 268.770 119.410 269.030 119.670 ;
        RECT 267.730 119.930 267.990 120.190 ;
        RECT 268.250 119.930 268.510 120.190 ;
        RECT 268.770 119.930 269.030 120.190 ;
        RECT 267.730 120.450 267.990 120.710 ;
        RECT 268.250 120.450 268.510 120.710 ;
        RECT 268.770 120.450 269.030 120.710 ;
        RECT 261.950 119.620 262.210 119.880 ;
        RECT 262.570 119.620 262.830 119.880 ;
        RECT 263.190 119.620 263.450 119.880 ;
        RECT 263.810 119.620 264.070 119.880 ;
        RECT 261.950 120.240 262.210 120.500 ;
        RECT 262.570 120.240 262.830 120.500 ;
        RECT 263.190 120.240 263.450 120.500 ;
        RECT 263.810 120.240 264.070 120.500 ;
        RECT 417.730 119.410 417.990 119.670 ;
        RECT 418.250 119.410 418.510 119.670 ;
        RECT 418.770 119.410 419.030 119.670 ;
        RECT 417.730 119.930 417.990 120.190 ;
        RECT 418.250 119.930 418.510 120.190 ;
        RECT 418.770 119.930 419.030 120.190 ;
        RECT 417.730 120.450 417.990 120.710 ;
        RECT 418.250 120.450 418.510 120.710 ;
        RECT 418.770 120.450 419.030 120.710 ;
        RECT 414.430 116.110 414.690 116.370 ;
        RECT 414.950 116.110 415.210 116.370 ;
        RECT 415.470 116.110 415.730 116.370 ;
        RECT 414.430 116.630 414.690 116.890 ;
        RECT 414.950 116.630 415.210 116.890 ;
        RECT 415.470 116.630 415.730 116.890 ;
        RECT 414.430 117.150 414.690 117.410 ;
        RECT 414.950 117.150 415.210 117.410 ;
        RECT 415.470 117.150 415.730 117.410 ;
        RECT 367.730 119.410 367.990 119.670 ;
        RECT 368.250 119.410 368.510 119.670 ;
        RECT 368.770 119.410 369.030 119.670 ;
        RECT 367.730 119.930 367.990 120.190 ;
        RECT 368.250 119.930 368.510 120.190 ;
        RECT 368.770 119.930 369.030 120.190 ;
        RECT 367.730 120.450 367.990 120.710 ;
        RECT 368.250 120.450 368.510 120.710 ;
        RECT 368.770 120.450 369.030 120.710 ;
        RECT 360.835 116.320 361.095 116.580 ;
        RECT 361.455 116.320 361.715 116.580 ;
        RECT 362.075 116.320 362.335 116.580 ;
        RECT 362.695 116.320 362.955 116.580 ;
        RECT 360.835 116.940 361.095 117.200 ;
        RECT 361.455 116.940 361.715 117.200 ;
        RECT 362.075 116.940 362.335 117.200 ;
        RECT 362.695 116.940 362.955 117.200 ;
        RECT 326.850 119.620 327.110 119.880 ;
        RECT 327.470 119.620 327.730 119.880 ;
        RECT 328.090 119.620 328.350 119.880 ;
        RECT 328.710 119.620 328.970 119.880 ;
        RECT 326.850 120.240 327.110 120.500 ;
        RECT 327.470 120.240 327.730 120.500 ;
        RECT 328.090 120.240 328.350 120.500 ;
        RECT 328.710 120.240 328.970 120.500 ;
        RECT 167.730 169.410 167.990 169.670 ;
        RECT 168.250 169.410 168.510 169.670 ;
        RECT 168.770 169.410 169.030 169.670 ;
        RECT 167.730 169.930 167.990 170.190 ;
        RECT 168.250 169.930 168.510 170.190 ;
        RECT 168.770 169.930 169.030 170.190 ;
        RECT 167.730 170.450 167.990 170.710 ;
        RECT 168.250 170.450 168.510 170.710 ;
        RECT 168.770 170.450 169.030 170.710 ;
        RECT 164.430 166.110 164.690 166.370 ;
        RECT 164.950 166.110 165.210 166.370 ;
        RECT 165.470 166.110 165.730 166.370 ;
        RECT 164.430 166.630 164.690 166.890 ;
        RECT 164.950 166.630 165.210 166.890 ;
        RECT 165.470 166.630 165.730 166.890 ;
        RECT 164.430 167.150 164.690 167.410 ;
        RECT 164.950 167.150 165.210 167.410 ;
        RECT 165.470 167.150 165.730 167.410 ;
        RECT 142.640 169.620 142.900 169.880 ;
        RECT 143.260 169.620 143.520 169.880 ;
        RECT 143.880 169.620 144.140 169.880 ;
        RECT 144.500 169.620 144.760 169.880 ;
        RECT 142.640 170.240 142.900 170.500 ;
        RECT 143.260 170.240 143.520 170.500 ;
        RECT 143.880 170.240 144.140 170.500 ;
        RECT 144.500 170.240 144.760 170.500 ;
        RECT 150.870 166.110 151.130 166.370 ;
        RECT 151.390 166.110 151.650 166.370 ;
        RECT 150.870 166.630 151.130 166.890 ;
        RECT 151.390 166.630 151.650 166.890 ;
        RECT 150.870 167.150 151.130 167.410 ;
        RECT 151.390 167.150 151.650 167.410 ;
        RECT 147.230 169.410 147.490 169.670 ;
        RECT 147.750 169.410 148.010 169.670 ;
        RECT 147.230 169.930 147.490 170.190 ;
        RECT 147.750 169.930 148.010 170.190 ;
        RECT 147.230 170.450 147.490 170.710 ;
        RECT 147.750 170.450 148.010 170.710 ;
        RECT 110.190 169.620 110.450 169.880 ;
        RECT 110.810 169.620 111.070 169.880 ;
        RECT 111.430 169.620 111.690 169.880 ;
        RECT 112.050 169.620 112.310 169.880 ;
        RECT 110.190 170.240 110.450 170.500 ;
        RECT 110.810 170.240 111.070 170.500 ;
        RECT 111.430 170.240 111.690 170.500 ;
        RECT 112.050 170.240 112.310 170.500 ;
        RECT 67.730 169.410 67.990 169.670 ;
        RECT 68.250 169.410 68.510 169.670 ;
        RECT 68.770 169.410 69.030 169.670 ;
        RECT 67.730 169.930 67.990 170.190 ;
        RECT 68.250 169.930 68.510 170.190 ;
        RECT 68.770 169.930 69.030 170.190 ;
        RECT 67.730 170.450 67.990 170.710 ;
        RECT 68.250 170.450 68.510 170.710 ;
        RECT 68.770 170.450 69.030 170.710 ;
        RECT 4.330 166.320 4.590 166.580 ;
        RECT 4.950 166.320 5.210 166.580 ;
        RECT 5.570 166.320 5.830 166.580 ;
        RECT 4.330 166.940 4.590 167.200 ;
        RECT 4.950 166.940 5.210 167.200 ;
        RECT 5.570 166.940 5.830 167.200 ;
        RECT 45.290 169.620 45.550 169.880 ;
        RECT 45.910 169.620 46.170 169.880 ;
        RECT 46.530 169.620 46.790 169.880 ;
        RECT 47.150 169.620 47.410 169.880 ;
        RECT 45.290 170.240 45.550 170.500 ;
        RECT 45.910 170.240 46.170 170.500 ;
        RECT 46.530 170.240 46.790 170.500 ;
        RECT 47.150 170.240 47.410 170.500 ;
        RECT 1.830 169.620 2.090 169.880 ;
        RECT 2.450 169.620 2.710 169.880 ;
        RECT 3.070 169.620 3.330 169.880 ;
        RECT 1.830 170.240 2.090 170.500 ;
        RECT 2.450 170.240 2.710 170.500 ;
        RECT 3.070 170.240 3.330 170.500 ;
        RECT 77.740 169.620 78.000 169.880 ;
        RECT 78.360 169.620 78.620 169.880 ;
        RECT 78.980 169.620 79.240 169.880 ;
        RECT 79.600 169.620 79.860 169.880 ;
        RECT 77.740 170.240 78.000 170.500 ;
        RECT 78.360 170.240 78.620 170.500 ;
        RECT 78.980 170.240 79.240 170.500 ;
        RECT 79.600 170.240 79.860 170.500 ;
        RECT 64.430 166.110 64.690 166.370 ;
        RECT 64.950 166.110 65.210 166.370 ;
        RECT 65.470 166.110 65.730 166.370 ;
        RECT 64.430 166.630 64.690 166.890 ;
        RECT 64.950 166.630 65.210 166.890 ;
        RECT 65.470 166.630 65.730 166.890 ;
        RECT 64.430 167.150 64.690 167.410 ;
        RECT 64.950 167.150 65.210 167.410 ;
        RECT 65.470 167.150 65.730 167.410 ;
        RECT 11.305 166.320 11.565 166.580 ;
        RECT 11.925 166.320 12.185 166.580 ;
        RECT 12.545 166.320 12.805 166.580 ;
        RECT 13.165 166.320 13.425 166.580 ;
        RECT 11.305 166.940 11.565 167.200 ;
        RECT 11.925 166.940 12.185 167.200 ;
        RECT 12.545 166.940 12.805 167.200 ;
        RECT 13.165 166.940 13.425 167.200 ;
        RECT 67.730 169.410 67.990 169.670 ;
        RECT 68.250 169.410 68.510 169.670 ;
        RECT 68.770 169.410 69.030 169.670 ;
        RECT 67.730 169.930 67.990 170.190 ;
        RECT 68.250 169.930 68.510 170.190 ;
        RECT 68.770 169.930 69.030 170.190 ;
        RECT 67.730 170.450 67.990 170.710 ;
        RECT 68.250 170.450 68.510 170.710 ;
        RECT 68.770 170.450 69.030 170.710 ;
        RECT 64.430 166.110 64.690 166.370 ;
        RECT 64.950 166.110 65.210 166.370 ;
        RECT 65.470 166.110 65.730 166.370 ;
        RECT 64.430 166.630 64.690 166.890 ;
        RECT 64.950 166.630 65.210 166.890 ;
        RECT 65.470 166.630 65.730 166.890 ;
        RECT 64.430 167.150 64.690 167.410 ;
        RECT 64.950 167.150 65.210 167.410 ;
        RECT 65.470 167.150 65.730 167.410 ;
        RECT 77.740 119.620 78.000 119.880 ;
        RECT 78.360 119.620 78.620 119.880 ;
        RECT 78.980 119.620 79.240 119.880 ;
        RECT 79.600 119.620 79.860 119.880 ;
        RECT 77.740 120.240 78.000 120.500 ;
        RECT 78.360 120.240 78.620 120.500 ;
        RECT 78.980 120.240 79.240 120.500 ;
        RECT 79.600 120.240 79.860 120.500 ;
        RECT 4.330 116.320 4.590 116.580 ;
        RECT 4.950 116.320 5.210 116.580 ;
        RECT 5.570 116.320 5.830 116.580 ;
        RECT 4.330 116.940 4.590 117.200 ;
        RECT 4.950 116.940 5.210 117.200 ;
        RECT 5.570 116.940 5.830 117.200 ;
        RECT 45.290 119.620 45.550 119.880 ;
        RECT 45.910 119.620 46.170 119.880 ;
        RECT 46.530 119.620 46.790 119.880 ;
        RECT 47.150 119.620 47.410 119.880 ;
        RECT 45.290 120.240 45.550 120.500 ;
        RECT 45.910 120.240 46.170 120.500 ;
        RECT 46.530 120.240 46.790 120.500 ;
        RECT 47.150 120.240 47.410 120.500 ;
        RECT 64.430 116.110 64.690 116.370 ;
        RECT 64.950 116.110 65.210 116.370 ;
        RECT 65.470 116.110 65.730 116.370 ;
        RECT 64.430 116.630 64.690 116.890 ;
        RECT 64.950 116.630 65.210 116.890 ;
        RECT 65.470 116.630 65.730 116.890 ;
        RECT 64.430 117.150 64.690 117.410 ;
        RECT 64.950 117.150 65.210 117.410 ;
        RECT 65.470 117.150 65.730 117.410 ;
        RECT 11.305 116.320 11.565 116.580 ;
        RECT 11.925 116.320 12.185 116.580 ;
        RECT 12.545 116.320 12.805 116.580 ;
        RECT 13.165 116.320 13.425 116.580 ;
        RECT 11.305 116.940 11.565 117.200 ;
        RECT 11.925 116.940 12.185 117.200 ;
        RECT 12.545 116.940 12.805 117.200 ;
        RECT 13.165 116.940 13.425 117.200 ;
        RECT 1.830 119.620 2.090 119.880 ;
        RECT 2.450 119.620 2.710 119.880 ;
        RECT 3.070 119.620 3.330 119.880 ;
        RECT 1.830 120.240 2.090 120.500 ;
        RECT 2.450 120.240 2.710 120.500 ;
        RECT 3.070 120.240 3.330 120.500 ;
        RECT 67.730 119.410 67.990 119.670 ;
        RECT 68.250 119.410 68.510 119.670 ;
        RECT 68.770 119.410 69.030 119.670 ;
        RECT 67.730 119.930 67.990 120.190 ;
        RECT 68.250 119.930 68.510 120.190 ;
        RECT 68.770 119.930 69.030 120.190 ;
        RECT 67.730 120.450 67.990 120.710 ;
        RECT 68.250 120.450 68.510 120.710 ;
        RECT 68.770 120.450 69.030 120.710 ;
        RECT 67.730 119.410 67.990 119.670 ;
        RECT 68.250 119.410 68.510 119.670 ;
        RECT 68.770 119.410 69.030 119.670 ;
        RECT 67.730 119.930 67.990 120.190 ;
        RECT 68.250 119.930 68.510 120.190 ;
        RECT 68.770 119.930 69.030 120.190 ;
        RECT 67.730 120.450 67.990 120.710 ;
        RECT 68.250 120.450 68.510 120.710 ;
        RECT 68.770 120.450 69.030 120.710 ;
        RECT 64.430 116.110 64.690 116.370 ;
        RECT 64.950 116.110 65.210 116.370 ;
        RECT 65.470 116.110 65.730 116.370 ;
        RECT 64.430 116.630 64.690 116.890 ;
        RECT 64.950 116.630 65.210 116.890 ;
        RECT 65.470 116.630 65.730 116.890 ;
        RECT 64.430 117.150 64.690 117.410 ;
        RECT 64.950 117.150 65.210 117.410 ;
        RECT 65.470 117.150 65.730 117.410 ;
        RECT 167.730 119.410 167.990 119.670 ;
        RECT 168.250 119.410 168.510 119.670 ;
        RECT 168.770 119.410 169.030 119.670 ;
        RECT 167.730 119.930 167.990 120.190 ;
        RECT 168.250 119.930 168.510 120.190 ;
        RECT 168.770 119.930 169.030 120.190 ;
        RECT 167.730 120.450 167.990 120.710 ;
        RECT 168.250 120.450 168.510 120.710 ;
        RECT 168.770 120.450 169.030 120.710 ;
        RECT 164.430 116.110 164.690 116.370 ;
        RECT 164.950 116.110 165.210 116.370 ;
        RECT 165.470 116.110 165.730 116.370 ;
        RECT 164.430 116.630 164.690 116.890 ;
        RECT 164.950 116.630 165.210 116.890 ;
        RECT 165.470 116.630 165.730 116.890 ;
        RECT 164.430 117.150 164.690 117.410 ;
        RECT 164.950 117.150 165.210 117.410 ;
        RECT 165.470 117.150 165.730 117.410 ;
        RECT 110.190 119.620 110.450 119.880 ;
        RECT 110.810 119.620 111.070 119.880 ;
        RECT 111.430 119.620 111.690 119.880 ;
        RECT 112.050 119.620 112.310 119.880 ;
        RECT 110.190 120.240 110.450 120.500 ;
        RECT 110.810 120.240 111.070 120.500 ;
        RECT 111.430 120.240 111.690 120.500 ;
        RECT 112.050 120.240 112.310 120.500 ;
        RECT 142.640 119.620 142.900 119.880 ;
        RECT 143.260 119.620 143.520 119.880 ;
        RECT 143.880 119.620 144.140 119.880 ;
        RECT 144.500 119.620 144.760 119.880 ;
        RECT 142.640 120.240 142.900 120.500 ;
        RECT 143.260 120.240 143.520 120.500 ;
        RECT 143.880 120.240 144.140 120.500 ;
        RECT 144.500 120.240 144.760 120.500 ;
        RECT 150.870 116.110 151.130 116.370 ;
        RECT 151.390 116.110 151.650 116.370 ;
        RECT 150.870 116.630 151.130 116.890 ;
        RECT 151.390 116.630 151.650 116.890 ;
        RECT 150.870 117.150 151.130 117.410 ;
        RECT 151.390 117.150 151.650 117.410 ;
        RECT 147.230 119.410 147.490 119.670 ;
        RECT 147.750 119.410 148.010 119.670 ;
        RECT 147.230 119.930 147.490 120.190 ;
        RECT 147.750 119.930 148.010 120.190 ;
        RECT 147.230 120.450 147.490 120.710 ;
        RECT 147.750 120.450 148.010 120.710 ;
        RECT 167.730 69.410 167.990 69.670 ;
        RECT 168.250 69.410 168.510 69.670 ;
        RECT 168.770 69.410 169.030 69.670 ;
        RECT 167.730 69.930 167.990 70.190 ;
        RECT 168.250 69.930 168.510 70.190 ;
        RECT 168.770 69.930 169.030 70.190 ;
        RECT 167.730 70.450 167.990 70.710 ;
        RECT 168.250 70.450 168.510 70.710 ;
        RECT 168.770 70.450 169.030 70.710 ;
        RECT 110.190 69.620 110.450 69.880 ;
        RECT 110.810 69.620 111.070 69.880 ;
        RECT 111.430 69.620 111.690 69.880 ;
        RECT 112.050 69.620 112.310 69.880 ;
        RECT 110.190 70.240 110.450 70.500 ;
        RECT 110.810 70.240 111.070 70.500 ;
        RECT 111.430 70.240 111.690 70.500 ;
        RECT 112.050 70.240 112.310 70.500 ;
        RECT 142.640 69.620 142.900 69.880 ;
        RECT 143.260 69.620 143.520 69.880 ;
        RECT 143.880 69.620 144.140 69.880 ;
        RECT 144.500 69.620 144.760 69.880 ;
        RECT 142.640 70.240 142.900 70.500 ;
        RECT 143.260 70.240 143.520 70.500 ;
        RECT 143.880 70.240 144.140 70.500 ;
        RECT 144.500 70.240 144.760 70.500 ;
        RECT 164.430 66.110 164.690 66.370 ;
        RECT 164.950 66.110 165.210 66.370 ;
        RECT 165.470 66.110 165.730 66.370 ;
        RECT 164.430 66.630 164.690 66.890 ;
        RECT 164.950 66.630 165.210 66.890 ;
        RECT 165.470 66.630 165.730 66.890 ;
        RECT 164.430 67.150 164.690 67.410 ;
        RECT 164.950 67.150 165.210 67.410 ;
        RECT 165.470 67.150 165.730 67.410 ;
        RECT 150.870 66.110 151.130 66.370 ;
        RECT 151.390 66.110 151.650 66.370 ;
        RECT 150.870 66.630 151.130 66.890 ;
        RECT 151.390 66.630 151.650 66.890 ;
        RECT 150.870 67.150 151.130 67.410 ;
        RECT 151.390 67.150 151.650 67.410 ;
        RECT 147.230 69.410 147.490 69.670 ;
        RECT 147.750 69.410 148.010 69.670 ;
        RECT 147.230 69.930 147.490 70.190 ;
        RECT 147.750 69.930 148.010 70.190 ;
        RECT 147.230 70.450 147.490 70.710 ;
        RECT 147.750 70.450 148.010 70.710 ;
        RECT 4.330 66.320 4.590 66.580 ;
        RECT 4.950 66.320 5.210 66.580 ;
        RECT 5.570 66.320 5.830 66.580 ;
        RECT 4.330 66.940 4.590 67.200 ;
        RECT 4.950 66.940 5.210 67.200 ;
        RECT 5.570 66.940 5.830 67.200 ;
        RECT 1.830 69.620 2.090 69.880 ;
        RECT 2.450 69.620 2.710 69.880 ;
        RECT 3.070 69.620 3.330 69.880 ;
        RECT 1.830 70.240 2.090 70.500 ;
        RECT 2.450 70.240 2.710 70.500 ;
        RECT 3.070 70.240 3.330 70.500 ;
        RECT 67.730 69.410 67.990 69.670 ;
        RECT 68.250 69.410 68.510 69.670 ;
        RECT 68.770 69.410 69.030 69.670 ;
        RECT 67.730 69.930 67.990 70.190 ;
        RECT 68.250 69.930 68.510 70.190 ;
        RECT 68.770 69.930 69.030 70.190 ;
        RECT 67.730 70.450 67.990 70.710 ;
        RECT 68.250 70.450 68.510 70.710 ;
        RECT 68.770 70.450 69.030 70.710 ;
        RECT 77.740 69.620 78.000 69.880 ;
        RECT 78.360 69.620 78.620 69.880 ;
        RECT 78.980 69.620 79.240 69.880 ;
        RECT 79.600 69.620 79.860 69.880 ;
        RECT 77.740 70.240 78.000 70.500 ;
        RECT 78.360 70.240 78.620 70.500 ;
        RECT 78.980 70.240 79.240 70.500 ;
        RECT 79.600 70.240 79.860 70.500 ;
        RECT 64.430 66.110 64.690 66.370 ;
        RECT 64.950 66.110 65.210 66.370 ;
        RECT 65.470 66.110 65.730 66.370 ;
        RECT 64.430 66.630 64.690 66.890 ;
        RECT 64.950 66.630 65.210 66.890 ;
        RECT 65.470 66.630 65.730 66.890 ;
        RECT 64.430 67.150 64.690 67.410 ;
        RECT 64.950 67.150 65.210 67.410 ;
        RECT 65.470 67.150 65.730 67.410 ;
        RECT 64.430 66.110 64.690 66.370 ;
        RECT 64.950 66.110 65.210 66.370 ;
        RECT 65.470 66.110 65.730 66.370 ;
        RECT 64.430 66.630 64.690 66.890 ;
        RECT 64.950 66.630 65.210 66.890 ;
        RECT 65.470 66.630 65.730 66.890 ;
        RECT 64.430 67.150 64.690 67.410 ;
        RECT 64.950 67.150 65.210 67.410 ;
        RECT 65.470 67.150 65.730 67.410 ;
        RECT 11.305 66.320 11.565 66.580 ;
        RECT 11.925 66.320 12.185 66.580 ;
        RECT 12.545 66.320 12.805 66.580 ;
        RECT 13.165 66.320 13.425 66.580 ;
        RECT 11.305 66.940 11.565 67.200 ;
        RECT 11.925 66.940 12.185 67.200 ;
        RECT 12.545 66.940 12.805 67.200 ;
        RECT 13.165 66.940 13.425 67.200 ;
        RECT 67.730 69.410 67.990 69.670 ;
        RECT 68.250 69.410 68.510 69.670 ;
        RECT 68.770 69.410 69.030 69.670 ;
        RECT 67.730 69.930 67.990 70.190 ;
        RECT 68.250 69.930 68.510 70.190 ;
        RECT 68.770 69.930 69.030 70.190 ;
        RECT 67.730 70.450 67.990 70.710 ;
        RECT 68.250 70.450 68.510 70.710 ;
        RECT 68.770 70.450 69.030 70.710 ;
        RECT 45.290 69.620 45.550 69.880 ;
        RECT 45.910 69.620 46.170 69.880 ;
        RECT 46.530 69.620 46.790 69.880 ;
        RECT 47.150 69.620 47.410 69.880 ;
        RECT 45.290 70.240 45.550 70.500 ;
        RECT 45.910 70.240 46.170 70.500 ;
        RECT 46.530 70.240 46.790 70.500 ;
        RECT 47.150 70.240 47.410 70.500 ;
        RECT 64.430 16.110 64.690 16.370 ;
        RECT 64.950 16.110 65.210 16.370 ;
        RECT 65.470 16.110 65.730 16.370 ;
        RECT 64.430 16.630 64.690 16.890 ;
        RECT 64.950 16.630 65.210 16.890 ;
        RECT 65.470 16.630 65.730 16.890 ;
        RECT 64.430 17.150 64.690 17.410 ;
        RECT 64.950 17.150 65.210 17.410 ;
        RECT 65.470 17.150 65.730 17.410 ;
        RECT 4.330 16.320 4.590 16.580 ;
        RECT 4.950 16.320 5.210 16.580 ;
        RECT 5.570 16.320 5.830 16.580 ;
        RECT 4.330 16.940 4.590 17.200 ;
        RECT 4.950 16.940 5.210 17.200 ;
        RECT 5.570 16.940 5.830 17.200 ;
        RECT 67.730 19.410 67.990 19.670 ;
        RECT 68.250 19.410 68.510 19.670 ;
        RECT 68.770 19.410 69.030 19.670 ;
        RECT 67.730 19.930 67.990 20.190 ;
        RECT 68.250 19.930 68.510 20.190 ;
        RECT 68.770 19.930 69.030 20.190 ;
        RECT 67.730 20.450 67.990 20.710 ;
        RECT 68.250 20.450 68.510 20.710 ;
        RECT 68.770 20.450 69.030 20.710 ;
        RECT 11.305 16.320 11.565 16.580 ;
        RECT 11.925 16.320 12.185 16.580 ;
        RECT 12.545 16.320 12.805 16.580 ;
        RECT 13.165 16.320 13.425 16.580 ;
        RECT 11.305 16.940 11.565 17.200 ;
        RECT 11.925 16.940 12.185 17.200 ;
        RECT 12.545 16.940 12.805 17.200 ;
        RECT 13.165 16.940 13.425 17.200 ;
        RECT 1.830 0.510 2.090 0.770 ;
        RECT 2.450 0.510 2.710 0.770 ;
        RECT 3.070 0.510 3.330 0.770 ;
        RECT 1.830 1.130 2.090 1.390 ;
        RECT 2.450 1.130 2.710 1.390 ;
        RECT 3.070 1.130 3.330 1.390 ;
        RECT 1.830 1.750 2.090 2.010 ;
        RECT 2.450 1.750 2.710 2.010 ;
        RECT 3.070 1.750 3.330 2.010 ;
        RECT 67.940 0.510 68.200 0.770 ;
        RECT 68.560 0.510 68.820 0.770 ;
        RECT 67.940 1.130 68.200 1.390 ;
        RECT 68.560 1.130 68.820 1.390 ;
        RECT 67.940 1.750 68.200 2.010 ;
        RECT 68.560 1.750 68.820 2.010 ;
        RECT 64.430 16.110 64.690 16.370 ;
        RECT 64.950 16.110 65.210 16.370 ;
        RECT 65.470 16.110 65.730 16.370 ;
        RECT 64.430 16.630 64.690 16.890 ;
        RECT 64.950 16.630 65.210 16.890 ;
        RECT 65.470 16.630 65.730 16.890 ;
        RECT 64.430 17.150 64.690 17.410 ;
        RECT 64.950 17.150 65.210 17.410 ;
        RECT 65.470 17.150 65.730 17.410 ;
        RECT 77.740 19.620 78.000 19.880 ;
        RECT 78.360 19.620 78.620 19.880 ;
        RECT 78.980 19.620 79.240 19.880 ;
        RECT 79.600 19.620 79.860 19.880 ;
        RECT 77.740 20.240 78.000 20.500 ;
        RECT 78.360 20.240 78.620 20.500 ;
        RECT 78.980 20.240 79.240 20.500 ;
        RECT 79.600 20.240 79.860 20.500 ;
        RECT 1.830 19.620 2.090 19.880 ;
        RECT 2.450 19.620 2.710 19.880 ;
        RECT 3.070 19.620 3.330 19.880 ;
        RECT 1.830 20.240 2.090 20.500 ;
        RECT 2.450 20.240 2.710 20.500 ;
        RECT 3.070 20.240 3.330 20.500 ;
        RECT 17.940 0.510 18.200 0.770 ;
        RECT 18.560 0.510 18.820 0.770 ;
        RECT 17.940 1.130 18.200 1.390 ;
        RECT 18.560 1.130 18.820 1.390 ;
        RECT 17.940 1.750 18.200 2.010 ;
        RECT 18.560 1.750 18.820 2.010 ;
        RECT 67.730 19.410 67.990 19.670 ;
        RECT 68.250 19.410 68.510 19.670 ;
        RECT 68.770 19.410 69.030 19.670 ;
        RECT 67.730 19.930 67.990 20.190 ;
        RECT 68.250 19.930 68.510 20.190 ;
        RECT 68.770 19.930 69.030 20.190 ;
        RECT 67.730 20.450 67.990 20.710 ;
        RECT 68.250 20.450 68.510 20.710 ;
        RECT 68.770 20.450 69.030 20.710 ;
        RECT 45.290 19.620 45.550 19.880 ;
        RECT 45.910 19.620 46.170 19.880 ;
        RECT 46.530 19.620 46.790 19.880 ;
        RECT 47.150 19.620 47.410 19.880 ;
        RECT 45.290 20.240 45.550 20.500 ;
        RECT 45.910 20.240 46.170 20.500 ;
        RECT 46.530 20.240 46.790 20.500 ;
        RECT 47.150 20.240 47.410 20.500 ;
        RECT 14.430 2.950 14.690 3.210 ;
        RECT 14.950 2.950 15.210 3.210 ;
        RECT 15.470 2.950 15.730 3.210 ;
        RECT 14.430 3.470 14.690 3.730 ;
        RECT 14.950 3.470 15.210 3.730 ;
        RECT 15.470 3.470 15.730 3.730 ;
        RECT 14.430 3.990 14.690 4.250 ;
        RECT 14.950 3.990 15.210 4.250 ;
        RECT 15.470 3.990 15.730 4.250 ;
        RECT 64.640 3.010 64.900 3.270 ;
        RECT 65.260 3.010 65.520 3.270 ;
        RECT 64.640 3.630 64.900 3.890 ;
        RECT 65.260 3.630 65.520 3.890 ;
        RECT 64.640 4.250 64.900 4.510 ;
        RECT 65.260 4.250 65.520 4.510 ;
        RECT 4.330 3.010 4.590 3.270 ;
        RECT 4.950 3.010 5.210 3.270 ;
        RECT 5.570 3.010 5.830 3.270 ;
        RECT 4.330 3.630 4.590 3.890 ;
        RECT 4.950 3.630 5.210 3.890 ;
        RECT 5.570 3.630 5.830 3.890 ;
        RECT 4.330 4.250 4.590 4.510 ;
        RECT 4.950 4.250 5.210 4.510 ;
        RECT 5.570 4.250 5.830 4.510 ;
        RECT 142.640 19.620 142.900 19.880 ;
        RECT 143.260 19.620 143.520 19.880 ;
        RECT 143.880 19.620 144.140 19.880 ;
        RECT 144.500 19.620 144.760 19.880 ;
        RECT 142.640 20.240 142.900 20.500 ;
        RECT 143.260 20.240 143.520 20.500 ;
        RECT 143.880 20.240 144.140 20.500 ;
        RECT 144.500 20.240 144.760 20.500 ;
        RECT 164.640 3.010 164.900 3.270 ;
        RECT 165.260 3.010 165.520 3.270 ;
        RECT 164.640 3.630 164.900 3.890 ;
        RECT 165.260 3.630 165.520 3.890 ;
        RECT 164.640 4.250 164.900 4.510 ;
        RECT 165.260 4.250 165.520 4.510 ;
        RECT 150.870 16.110 151.130 16.370 ;
        RECT 151.390 16.110 151.650 16.370 ;
        RECT 150.870 16.630 151.130 16.890 ;
        RECT 151.390 16.630 151.650 16.890 ;
        RECT 150.870 17.150 151.130 17.410 ;
        RECT 151.390 17.150 151.650 17.410 ;
        RECT 167.730 19.410 167.990 19.670 ;
        RECT 168.250 19.410 168.510 19.670 ;
        RECT 168.770 19.410 169.030 19.670 ;
        RECT 167.730 19.930 167.990 20.190 ;
        RECT 168.250 19.930 168.510 20.190 ;
        RECT 168.770 19.930 169.030 20.190 ;
        RECT 167.730 20.450 167.990 20.710 ;
        RECT 168.250 20.450 168.510 20.710 ;
        RECT 168.770 20.450 169.030 20.710 ;
        RECT 147.230 19.410 147.490 19.670 ;
        RECT 147.750 19.410 148.010 19.670 ;
        RECT 147.230 19.930 147.490 20.190 ;
        RECT 147.750 19.930 148.010 20.190 ;
        RECT 147.230 20.450 147.490 20.710 ;
        RECT 147.750 20.450 148.010 20.710 ;
        RECT 167.940 0.510 168.200 0.770 ;
        RECT 168.560 0.510 168.820 0.770 ;
        RECT 167.940 1.130 168.200 1.390 ;
        RECT 168.560 1.130 168.820 1.390 ;
        RECT 167.940 1.750 168.200 2.010 ;
        RECT 168.560 1.750 168.820 2.010 ;
        RECT 117.940 0.510 118.200 0.770 ;
        RECT 118.560 0.510 118.820 0.770 ;
        RECT 117.940 1.130 118.200 1.390 ;
        RECT 118.560 1.130 118.820 1.390 ;
        RECT 117.940 1.750 118.200 2.010 ;
        RECT 118.560 1.750 118.820 2.010 ;
        RECT 164.430 16.110 164.690 16.370 ;
        RECT 164.950 16.110 165.210 16.370 ;
        RECT 165.470 16.110 165.730 16.370 ;
        RECT 164.430 16.630 164.690 16.890 ;
        RECT 164.950 16.630 165.210 16.890 ;
        RECT 165.470 16.630 165.730 16.890 ;
        RECT 164.430 17.150 164.690 17.410 ;
        RECT 164.950 17.150 165.210 17.410 ;
        RECT 165.470 17.150 165.730 17.410 ;
        RECT 114.430 2.950 114.690 3.210 ;
        RECT 114.950 2.950 115.210 3.210 ;
        RECT 115.470 2.950 115.730 3.210 ;
        RECT 114.430 3.470 114.690 3.730 ;
        RECT 114.950 3.470 115.210 3.730 ;
        RECT 115.470 3.470 115.730 3.730 ;
        RECT 114.430 3.990 114.690 4.250 ;
        RECT 114.950 3.990 115.210 4.250 ;
        RECT 115.470 3.990 115.730 4.250 ;
        RECT 110.190 19.620 110.450 19.880 ;
        RECT 110.810 19.620 111.070 19.880 ;
        RECT 111.430 19.620 111.690 19.880 ;
        RECT 112.050 19.620 112.310 19.880 ;
        RECT 110.190 20.240 110.450 20.500 ;
        RECT 110.810 20.240 111.070 20.500 ;
        RECT 111.430 20.240 111.690 20.500 ;
        RECT 112.050 20.240 112.310 20.500 ;
        RECT 317.940 0.510 318.200 0.770 ;
        RECT 318.560 0.510 318.820 0.770 ;
        RECT 317.940 1.130 318.200 1.390 ;
        RECT 318.560 1.130 318.820 1.390 ;
        RECT 317.940 1.750 318.200 2.010 ;
        RECT 318.560 1.750 318.820 2.010 ;
        RECT 417.730 69.410 417.990 69.670 ;
        RECT 418.250 69.410 418.510 69.670 ;
        RECT 418.770 69.410 419.030 69.670 ;
        RECT 417.730 69.930 417.990 70.190 ;
        RECT 418.250 69.930 418.510 70.190 ;
        RECT 418.770 69.930 419.030 70.190 ;
        RECT 417.730 70.450 417.990 70.710 ;
        RECT 418.250 70.450 418.510 70.710 ;
        RECT 418.770 70.450 419.030 70.710 ;
        RECT 367.730 69.410 367.990 69.670 ;
        RECT 368.250 69.410 368.510 69.670 ;
        RECT 368.770 69.410 369.030 69.670 ;
        RECT 367.730 69.930 367.990 70.190 ;
        RECT 368.250 69.930 368.510 70.190 ;
        RECT 368.770 69.930 369.030 70.190 ;
        RECT 367.730 70.450 367.990 70.710 ;
        RECT 368.250 70.450 368.510 70.710 ;
        RECT 368.770 70.450 369.030 70.710 ;
        RECT 326.850 69.620 327.110 69.880 ;
        RECT 327.470 69.620 327.730 69.880 ;
        RECT 328.090 69.620 328.350 69.880 ;
        RECT 328.710 69.620 328.970 69.880 ;
        RECT 326.850 70.240 327.110 70.500 ;
        RECT 327.470 70.240 327.730 70.500 ;
        RECT 328.090 70.240 328.350 70.500 ;
        RECT 328.710 70.240 328.970 70.500 ;
        RECT 360.835 66.320 361.095 66.580 ;
        RECT 361.455 66.320 361.715 66.580 ;
        RECT 362.075 66.320 362.335 66.580 ;
        RECT 362.695 66.320 362.955 66.580 ;
        RECT 360.835 66.940 361.095 67.200 ;
        RECT 361.455 66.940 361.715 67.200 ;
        RECT 362.075 66.940 362.335 67.200 ;
        RECT 362.695 66.940 362.955 67.200 ;
        RECT 414.430 66.110 414.690 66.370 ;
        RECT 414.950 66.110 415.210 66.370 ;
        RECT 415.470 66.110 415.730 66.370 ;
        RECT 414.430 66.630 414.690 66.890 ;
        RECT 414.950 66.630 415.210 66.890 ;
        RECT 415.470 66.630 415.730 66.890 ;
        RECT 414.430 67.150 414.690 67.410 ;
        RECT 414.950 67.150 415.210 67.410 ;
        RECT 415.470 67.150 415.730 67.410 ;
        RECT 226.250 69.410 226.510 69.670 ;
        RECT 226.770 69.410 227.030 69.670 ;
        RECT 226.250 69.930 226.510 70.190 ;
        RECT 226.770 69.930 227.030 70.190 ;
        RECT 226.250 70.450 226.510 70.710 ;
        RECT 226.770 70.450 227.030 70.710 ;
        RECT 261.950 69.620 262.210 69.880 ;
        RECT 262.570 69.620 262.830 69.880 ;
        RECT 263.190 69.620 263.450 69.880 ;
        RECT 263.810 69.620 264.070 69.880 ;
        RECT 261.950 70.240 262.210 70.500 ;
        RECT 262.570 70.240 262.830 70.500 ;
        RECT 263.190 70.240 263.450 70.500 ;
        RECT 263.810 70.240 264.070 70.500 ;
        RECT 217.730 69.410 217.990 69.670 ;
        RECT 218.250 69.410 218.510 69.670 ;
        RECT 218.770 69.410 219.030 69.670 ;
        RECT 217.730 69.930 217.990 70.190 ;
        RECT 218.250 69.930 218.510 70.190 ;
        RECT 218.770 69.930 219.030 70.190 ;
        RECT 217.730 70.450 217.990 70.710 ;
        RECT 218.250 70.450 218.510 70.710 ;
        RECT 218.770 70.450 219.030 70.710 ;
        RECT 294.400 69.620 294.660 69.880 ;
        RECT 295.020 69.620 295.280 69.880 ;
        RECT 295.640 69.620 295.900 69.880 ;
        RECT 296.260 69.620 296.520 69.880 ;
        RECT 294.400 70.240 294.660 70.500 ;
        RECT 295.020 70.240 295.280 70.500 ;
        RECT 295.640 70.240 295.900 70.500 ;
        RECT 296.260 70.240 296.520 70.500 ;
        RECT 267.730 69.410 267.990 69.670 ;
        RECT 268.250 69.410 268.510 69.670 ;
        RECT 268.770 69.410 269.030 69.670 ;
        RECT 267.730 69.930 267.990 70.190 ;
        RECT 268.250 69.930 268.510 70.190 ;
        RECT 268.770 69.930 269.030 70.190 ;
        RECT 267.730 70.450 267.990 70.710 ;
        RECT 268.250 70.450 268.510 70.710 ;
        RECT 268.770 70.450 269.030 70.710 ;
        RECT 222.610 66.110 222.870 66.370 ;
        RECT 223.130 66.110 223.390 66.370 ;
        RECT 222.610 66.630 222.870 66.890 ;
        RECT 223.130 66.630 223.390 66.890 ;
        RECT 222.610 67.150 222.870 67.410 ;
        RECT 223.130 67.150 223.390 67.410 ;
        RECT 229.500 69.620 229.760 69.880 ;
        RECT 230.120 69.620 230.380 69.880 ;
        RECT 230.740 69.620 231.000 69.880 ;
        RECT 231.360 69.620 231.620 69.880 ;
        RECT 229.500 70.240 229.760 70.500 ;
        RECT 230.120 70.240 230.380 70.500 ;
        RECT 230.740 70.240 231.000 70.500 ;
        RECT 231.360 70.240 231.620 70.500 ;
        RECT 214.430 66.110 214.690 66.370 ;
        RECT 214.950 66.110 215.210 66.370 ;
        RECT 215.470 66.110 215.730 66.370 ;
        RECT 214.430 66.630 214.690 66.890 ;
        RECT 214.950 66.630 215.210 66.890 ;
        RECT 215.470 66.630 215.730 66.890 ;
        RECT 214.430 67.150 214.690 67.410 ;
        RECT 214.950 67.150 215.210 67.410 ;
        RECT 215.470 67.150 215.730 67.410 ;
        RECT 267.730 69.410 267.990 69.670 ;
        RECT 268.250 69.410 268.510 69.670 ;
        RECT 268.770 69.410 269.030 69.670 ;
        RECT 267.730 69.930 267.990 70.190 ;
        RECT 268.250 69.930 268.510 70.190 ;
        RECT 268.770 69.930 269.030 70.190 ;
        RECT 267.730 70.450 267.990 70.710 ;
        RECT 268.250 70.450 268.510 70.710 ;
        RECT 268.770 70.450 269.030 70.710 ;
        RECT 261.950 19.620 262.210 19.880 ;
        RECT 262.570 19.620 262.830 19.880 ;
        RECT 263.190 19.620 263.450 19.880 ;
        RECT 263.810 19.620 264.070 19.880 ;
        RECT 261.950 20.240 262.210 20.500 ;
        RECT 262.570 20.240 262.830 20.500 ;
        RECT 263.190 20.240 263.450 20.500 ;
        RECT 263.810 20.240 264.070 20.500 ;
        RECT 222.610 16.110 222.870 16.370 ;
        RECT 223.130 16.110 223.390 16.370 ;
        RECT 222.610 16.630 222.870 16.890 ;
        RECT 223.130 16.630 223.390 16.890 ;
        RECT 222.610 17.150 222.870 17.410 ;
        RECT 223.130 17.150 223.390 17.410 ;
        RECT 214.640 3.010 214.900 3.270 ;
        RECT 215.260 3.010 215.520 3.270 ;
        RECT 214.640 3.630 214.900 3.890 ;
        RECT 215.260 3.630 215.520 3.890 ;
        RECT 214.640 4.250 214.900 4.510 ;
        RECT 215.260 4.250 215.520 4.510 ;
        RECT 226.250 19.410 226.510 19.670 ;
        RECT 226.770 19.410 227.030 19.670 ;
        RECT 226.250 19.930 226.510 20.190 ;
        RECT 226.770 19.930 227.030 20.190 ;
        RECT 226.250 20.450 226.510 20.710 ;
        RECT 226.770 20.450 227.030 20.710 ;
        RECT 264.430 2.950 264.690 3.210 ;
        RECT 264.950 2.950 265.210 3.210 ;
        RECT 265.470 2.950 265.730 3.210 ;
        RECT 264.430 3.470 264.690 3.730 ;
        RECT 264.950 3.470 265.210 3.730 ;
        RECT 265.470 3.470 265.730 3.730 ;
        RECT 264.430 3.990 264.690 4.250 ;
        RECT 264.950 3.990 265.210 4.250 ;
        RECT 265.470 3.990 265.730 4.250 ;
        RECT 217.730 19.410 217.990 19.670 ;
        RECT 218.250 19.410 218.510 19.670 ;
        RECT 218.770 19.410 219.030 19.670 ;
        RECT 217.730 19.930 217.990 20.190 ;
        RECT 218.250 19.930 218.510 20.190 ;
        RECT 218.770 19.930 219.030 20.190 ;
        RECT 217.730 20.450 217.990 20.710 ;
        RECT 218.250 20.450 218.510 20.710 ;
        RECT 218.770 20.450 219.030 20.710 ;
        RECT 229.500 19.620 229.760 19.880 ;
        RECT 230.120 19.620 230.380 19.880 ;
        RECT 230.740 19.620 231.000 19.880 ;
        RECT 231.360 19.620 231.620 19.880 ;
        RECT 229.500 20.240 229.760 20.500 ;
        RECT 230.120 20.240 230.380 20.500 ;
        RECT 230.740 20.240 231.000 20.500 ;
        RECT 231.360 20.240 231.620 20.500 ;
        RECT 217.940 0.510 218.200 0.770 ;
        RECT 218.560 0.510 218.820 0.770 ;
        RECT 217.940 1.130 218.200 1.390 ;
        RECT 218.560 1.130 218.820 1.390 ;
        RECT 217.940 1.750 218.200 2.010 ;
        RECT 218.560 1.750 218.820 2.010 ;
        RECT 214.430 16.110 214.690 16.370 ;
        RECT 214.950 16.110 215.210 16.370 ;
        RECT 215.470 16.110 215.730 16.370 ;
        RECT 214.430 16.630 214.690 16.890 ;
        RECT 214.950 16.630 215.210 16.890 ;
        RECT 215.470 16.630 215.730 16.890 ;
        RECT 214.430 17.150 214.690 17.410 ;
        RECT 214.950 17.150 215.210 17.410 ;
        RECT 215.470 17.150 215.730 17.410 ;
        RECT 267.940 0.510 268.200 0.770 ;
        RECT 268.560 0.510 268.820 0.770 ;
        RECT 267.940 1.130 268.200 1.390 ;
        RECT 268.560 1.130 268.820 1.390 ;
        RECT 267.940 1.750 268.200 2.010 ;
        RECT 268.560 1.750 268.820 2.010 ;
        RECT 314.430 2.950 314.690 3.210 ;
        RECT 314.950 2.950 315.210 3.210 ;
        RECT 315.470 2.950 315.730 3.210 ;
        RECT 314.430 3.470 314.690 3.730 ;
        RECT 314.950 3.470 315.210 3.730 ;
        RECT 315.470 3.470 315.730 3.730 ;
        RECT 314.430 3.990 314.690 4.250 ;
        RECT 314.950 3.990 315.210 4.250 ;
        RECT 315.470 3.990 315.730 4.250 ;
        RECT 267.730 19.410 267.990 19.670 ;
        RECT 268.250 19.410 268.510 19.670 ;
        RECT 268.770 19.410 269.030 19.670 ;
        RECT 267.730 19.930 267.990 20.190 ;
        RECT 268.250 19.930 268.510 20.190 ;
        RECT 268.770 19.930 269.030 20.190 ;
        RECT 267.730 20.450 267.990 20.710 ;
        RECT 268.250 20.450 268.510 20.710 ;
        RECT 268.770 20.450 269.030 20.710 ;
        RECT 294.400 19.620 294.660 19.880 ;
        RECT 295.020 19.620 295.280 19.880 ;
        RECT 295.640 19.620 295.900 19.880 ;
        RECT 296.260 19.620 296.520 19.880 ;
        RECT 294.400 20.240 294.660 20.500 ;
        RECT 295.020 20.240 295.280 20.500 ;
        RECT 295.640 20.240 295.900 20.500 ;
        RECT 296.260 20.240 296.520 20.500 ;
        RECT 267.730 19.410 267.990 19.670 ;
        RECT 268.250 19.410 268.510 19.670 ;
        RECT 268.770 19.410 269.030 19.670 ;
        RECT 267.730 19.930 267.990 20.190 ;
        RECT 268.250 19.930 268.510 20.190 ;
        RECT 268.770 19.930 269.030 20.190 ;
        RECT 267.730 20.450 267.990 20.710 ;
        RECT 268.250 20.450 268.510 20.710 ;
        RECT 268.770 20.450 269.030 20.710 ;
        RECT 367.730 19.410 367.990 19.670 ;
        RECT 368.250 19.410 368.510 19.670 ;
        RECT 368.770 19.410 369.030 19.670 ;
        RECT 367.730 19.930 367.990 20.190 ;
        RECT 368.250 19.930 368.510 20.190 ;
        RECT 368.770 19.930 369.030 20.190 ;
        RECT 367.730 20.450 367.990 20.710 ;
        RECT 368.250 20.450 368.510 20.710 ;
        RECT 368.770 20.450 369.030 20.710 ;
        RECT 367.940 0.510 368.200 0.770 ;
        RECT 368.560 0.510 368.820 0.770 ;
        RECT 367.940 1.130 368.200 1.390 ;
        RECT 368.560 1.130 368.820 1.390 ;
        RECT 367.940 1.750 368.200 2.010 ;
        RECT 368.560 1.750 368.820 2.010 ;
        RECT 326.850 19.620 327.110 19.880 ;
        RECT 327.470 19.620 327.730 19.880 ;
        RECT 328.090 19.620 328.350 19.880 ;
        RECT 328.710 19.620 328.970 19.880 ;
        RECT 326.850 20.240 327.110 20.500 ;
        RECT 327.470 20.240 327.730 20.500 ;
        RECT 328.090 20.240 328.350 20.500 ;
        RECT 328.710 20.240 328.970 20.500 ;
        RECT 360.835 16.320 361.095 16.580 ;
        RECT 361.455 16.320 361.715 16.580 ;
        RECT 362.075 16.320 362.335 16.580 ;
        RECT 362.695 16.320 362.955 16.580 ;
        RECT 360.835 16.940 361.095 17.200 ;
        RECT 361.455 16.940 361.715 17.200 ;
        RECT 362.075 16.940 362.335 17.200 ;
        RECT 362.695 16.940 362.955 17.200 ;
        RECT 364.430 2.950 364.690 3.210 ;
        RECT 364.950 2.950 365.210 3.210 ;
        RECT 365.470 2.950 365.730 3.210 ;
        RECT 364.430 3.470 364.690 3.730 ;
        RECT 364.950 3.470 365.210 3.730 ;
        RECT 365.470 3.470 365.730 3.730 ;
        RECT 364.430 3.990 364.690 4.250 ;
        RECT 364.950 3.990 365.210 4.250 ;
        RECT 365.470 3.990 365.730 4.250 ;
        RECT 414.640 3.010 414.900 3.270 ;
        RECT 415.260 3.010 415.520 3.270 ;
        RECT 414.640 3.630 414.900 3.890 ;
        RECT 415.260 3.630 415.520 3.890 ;
        RECT 414.640 4.250 414.900 4.510 ;
        RECT 415.260 4.250 415.520 4.510 ;
        RECT 417.730 19.410 417.990 19.670 ;
        RECT 418.250 19.410 418.510 19.670 ;
        RECT 418.770 19.410 419.030 19.670 ;
        RECT 417.730 19.930 417.990 20.190 ;
        RECT 418.250 19.930 418.510 20.190 ;
        RECT 418.770 19.930 419.030 20.190 ;
        RECT 417.730 20.450 417.990 20.710 ;
        RECT 418.250 20.450 418.510 20.710 ;
        RECT 418.770 20.450 419.030 20.710 ;
        RECT 417.940 0.510 418.200 0.770 ;
        RECT 418.560 0.510 418.820 0.770 ;
        RECT 417.940 1.130 418.200 1.390 ;
        RECT 418.560 1.130 418.820 1.390 ;
        RECT 417.940 1.750 418.200 2.010 ;
        RECT 418.560 1.750 418.820 2.010 ;
        RECT 414.430 16.110 414.690 16.370 ;
        RECT 414.950 16.110 415.210 16.370 ;
        RECT 415.470 16.110 415.730 16.370 ;
        RECT 414.430 16.630 414.690 16.890 ;
        RECT 414.950 16.630 415.210 16.890 ;
        RECT 415.470 16.630 415.730 16.890 ;
        RECT 414.430 17.150 414.690 17.410 ;
        RECT 414.950 17.150 415.210 17.410 ;
        RECT 415.470 17.150 415.730 17.410 ;
        RECT 785.695 166.320 785.955 166.580 ;
        RECT 786.315 166.320 786.575 166.580 ;
        RECT 786.935 166.320 787.195 166.580 ;
        RECT 787.555 166.320 787.815 166.580 ;
        RECT 785.695 166.940 785.955 167.200 ;
        RECT 786.315 166.940 786.575 167.200 ;
        RECT 786.935 166.940 787.195 167.200 ;
        RECT 787.555 166.940 787.815 167.200 ;
        RECT 814.430 166.110 814.690 166.370 ;
        RECT 814.950 166.110 815.210 166.370 ;
        RECT 815.470 166.110 815.730 166.370 ;
        RECT 814.430 166.630 814.690 166.890 ;
        RECT 814.950 166.630 815.210 166.890 ;
        RECT 815.470 166.630 815.730 166.890 ;
        RECT 814.430 167.150 814.690 167.410 ;
        RECT 814.950 167.150 815.210 167.410 ;
        RECT 815.470 167.150 815.730 167.410 ;
        RECT 767.730 169.410 767.990 169.670 ;
        RECT 768.250 169.410 768.510 169.670 ;
        RECT 768.770 169.410 769.030 169.670 ;
        RECT 767.730 169.930 767.990 170.190 ;
        RECT 768.250 169.930 768.510 170.190 ;
        RECT 768.770 169.930 769.030 170.190 ;
        RECT 767.730 170.450 767.990 170.710 ;
        RECT 768.250 170.450 768.510 170.710 ;
        RECT 768.770 170.450 769.030 170.710 ;
        RECT 817.730 169.410 817.990 169.670 ;
        RECT 818.250 169.410 818.510 169.670 ;
        RECT 818.770 169.410 819.030 169.670 ;
        RECT 817.730 169.930 817.990 170.190 ;
        RECT 818.250 169.930 818.510 170.190 ;
        RECT 818.770 169.930 819.030 170.190 ;
        RECT 817.730 170.450 817.990 170.710 ;
        RECT 818.250 170.450 818.510 170.710 ;
        RECT 818.770 170.450 819.030 170.710 ;
        RECT 843.690 166.320 843.950 166.580 ;
        RECT 844.310 166.320 844.570 166.580 ;
        RECT 844.930 166.320 845.190 166.580 ;
        RECT 843.690 166.940 843.950 167.200 ;
        RECT 844.310 166.940 844.570 167.200 ;
        RECT 844.930 166.940 845.190 167.200 ;
        RECT 846.190 169.620 846.450 169.880 ;
        RECT 846.810 169.620 847.070 169.880 ;
        RECT 847.430 169.620 847.690 169.880 ;
        RECT 846.190 170.240 846.450 170.500 ;
        RECT 846.810 170.240 847.070 170.500 ;
        RECT 847.430 170.240 847.690 170.500 ;
        RECT 764.430 166.110 764.690 166.370 ;
        RECT 764.950 166.110 765.210 166.370 ;
        RECT 765.470 166.110 765.730 166.370 ;
        RECT 764.430 166.630 764.690 166.890 ;
        RECT 764.950 166.630 765.210 166.890 ;
        RECT 765.470 166.630 765.730 166.890 ;
        RECT 764.430 167.150 764.690 167.410 ;
        RECT 764.950 167.150 765.210 167.410 ;
        RECT 765.470 167.150 765.730 167.410 ;
        RECT 764.430 166.110 764.690 166.370 ;
        RECT 764.950 166.110 765.210 166.370 ;
        RECT 765.470 166.110 765.730 166.370 ;
        RECT 764.430 166.630 764.690 166.890 ;
        RECT 764.950 166.630 765.210 166.890 ;
        RECT 765.470 166.630 765.730 166.890 ;
        RECT 764.430 167.150 764.690 167.410 ;
        RECT 764.950 167.150 765.210 167.410 ;
        RECT 765.470 167.150 765.730 167.410 ;
        RECT 767.730 169.410 767.990 169.670 ;
        RECT 768.250 169.410 768.510 169.670 ;
        RECT 768.770 169.410 769.030 169.670 ;
        RECT 767.730 169.930 767.990 170.190 ;
        RECT 768.250 169.930 768.510 170.190 ;
        RECT 768.770 169.930 769.030 170.190 ;
        RECT 767.730 170.450 767.990 170.710 ;
        RECT 768.250 170.450 768.510 170.710 ;
        RECT 768.770 170.450 769.030 170.710 ;
        RECT 751.710 169.620 751.970 169.880 ;
        RECT 752.330 169.620 752.590 169.880 ;
        RECT 752.950 169.620 753.210 169.880 ;
        RECT 753.570 169.620 753.830 169.880 ;
        RECT 751.710 170.240 751.970 170.500 ;
        RECT 752.330 170.240 752.590 170.500 ;
        RECT 752.950 170.240 753.210 170.500 ;
        RECT 753.570 170.240 753.830 170.500 ;
        RECT 664.430 166.110 664.690 166.370 ;
        RECT 664.950 166.110 665.210 166.370 ;
        RECT 665.470 166.110 665.730 166.370 ;
        RECT 664.430 166.630 664.690 166.890 ;
        RECT 664.950 166.630 665.210 166.890 ;
        RECT 665.470 166.630 665.730 166.890 ;
        RECT 664.430 167.150 664.690 167.410 ;
        RECT 664.950 167.150 665.210 167.410 ;
        RECT 665.470 167.150 665.730 167.410 ;
        RECT 647.470 166.110 647.730 166.370 ;
        RECT 647.990 166.110 648.250 166.370 ;
        RECT 647.470 166.630 647.730 166.890 ;
        RECT 647.990 166.630 648.250 166.890 ;
        RECT 647.470 167.150 647.730 167.410 ;
        RECT 647.990 167.150 648.250 167.410 ;
        RECT 667.730 169.410 667.990 169.670 ;
        RECT 668.250 169.410 668.510 169.670 ;
        RECT 668.770 169.410 669.030 169.670 ;
        RECT 667.730 169.930 667.990 170.190 ;
        RECT 668.250 169.930 668.510 170.190 ;
        RECT 668.770 169.930 669.030 170.190 ;
        RECT 667.730 170.450 667.990 170.710 ;
        RECT 668.250 170.450 668.510 170.710 ;
        RECT 668.770 170.450 669.030 170.710 ;
        RECT 651.110 169.410 651.370 169.670 ;
        RECT 651.630 169.410 651.890 169.670 ;
        RECT 651.110 169.930 651.370 170.190 ;
        RECT 651.630 169.930 651.890 170.190 ;
        RECT 651.110 170.450 651.370 170.710 ;
        RECT 651.630 170.450 651.890 170.710 ;
        RECT 667.730 169.410 667.990 169.670 ;
        RECT 668.250 169.410 668.510 169.670 ;
        RECT 668.770 169.410 669.030 169.670 ;
        RECT 667.730 169.930 667.990 170.190 ;
        RECT 668.250 169.930 668.510 170.190 ;
        RECT 668.770 169.930 669.030 170.190 ;
        RECT 667.730 170.450 667.990 170.710 ;
        RECT 668.250 170.450 668.510 170.710 ;
        RECT 668.770 170.450 669.030 170.710 ;
        RECT 664.430 166.110 664.690 166.370 ;
        RECT 664.950 166.110 665.210 166.370 ;
        RECT 665.470 166.110 665.730 166.370 ;
        RECT 664.430 166.630 664.690 166.890 ;
        RECT 664.950 166.630 665.210 166.890 ;
        RECT 665.470 166.630 665.730 166.890 ;
        RECT 664.430 167.150 664.690 167.410 ;
        RECT 664.950 167.150 665.210 167.410 ;
        RECT 665.470 167.150 665.730 167.410 ;
        RECT 654.360 169.620 654.620 169.880 ;
        RECT 654.980 169.620 655.240 169.880 ;
        RECT 655.600 169.620 655.860 169.880 ;
        RECT 656.220 169.620 656.480 169.880 ;
        RECT 654.360 170.240 654.620 170.500 ;
        RECT 654.980 170.240 655.240 170.500 ;
        RECT 655.600 170.240 655.860 170.500 ;
        RECT 656.220 170.240 656.480 170.500 ;
        RECT 719.260 169.620 719.520 169.880 ;
        RECT 719.880 169.620 720.140 169.880 ;
        RECT 720.500 169.620 720.760 169.880 ;
        RECT 721.120 169.620 721.380 169.880 ;
        RECT 719.260 170.240 719.520 170.500 ;
        RECT 719.880 170.240 720.140 170.500 ;
        RECT 720.500 170.240 720.760 170.500 ;
        RECT 721.120 170.240 721.380 170.500 ;
        RECT 686.810 169.620 687.070 169.880 ;
        RECT 687.430 169.620 687.690 169.880 ;
        RECT 688.050 169.620 688.310 169.880 ;
        RECT 688.670 169.620 688.930 169.880 ;
        RECT 686.810 170.240 687.070 170.500 ;
        RECT 687.430 170.240 687.690 170.500 ;
        RECT 688.050 170.240 688.310 170.500 ;
        RECT 688.670 170.240 688.930 170.500 ;
        RECT 647.470 116.110 647.730 116.370 ;
        RECT 647.990 116.110 648.250 116.370 ;
        RECT 647.470 116.630 647.730 116.890 ;
        RECT 647.990 116.630 648.250 116.890 ;
        RECT 647.470 117.150 647.730 117.410 ;
        RECT 647.990 117.150 648.250 117.410 ;
        RECT 664.430 116.110 664.690 116.370 ;
        RECT 664.950 116.110 665.210 116.370 ;
        RECT 665.470 116.110 665.730 116.370 ;
        RECT 664.430 116.630 664.690 116.890 ;
        RECT 664.950 116.630 665.210 116.890 ;
        RECT 665.470 116.630 665.730 116.890 ;
        RECT 664.430 117.150 664.690 117.410 ;
        RECT 664.950 117.150 665.210 117.410 ;
        RECT 665.470 117.150 665.730 117.410 ;
        RECT 667.730 119.410 667.990 119.670 ;
        RECT 668.250 119.410 668.510 119.670 ;
        RECT 668.770 119.410 669.030 119.670 ;
        RECT 667.730 119.930 667.990 120.190 ;
        RECT 668.250 119.930 668.510 120.190 ;
        RECT 668.770 119.930 669.030 120.190 ;
        RECT 667.730 120.450 667.990 120.710 ;
        RECT 668.250 120.450 668.510 120.710 ;
        RECT 668.770 120.450 669.030 120.710 ;
        RECT 719.260 119.620 719.520 119.880 ;
        RECT 719.880 119.620 720.140 119.880 ;
        RECT 720.500 119.620 720.760 119.880 ;
        RECT 721.120 119.620 721.380 119.880 ;
        RECT 719.260 120.240 719.520 120.500 ;
        RECT 719.880 120.240 720.140 120.500 ;
        RECT 720.500 120.240 720.760 120.500 ;
        RECT 721.120 120.240 721.380 120.500 ;
        RECT 654.360 119.620 654.620 119.880 ;
        RECT 654.980 119.620 655.240 119.880 ;
        RECT 655.600 119.620 655.860 119.880 ;
        RECT 656.220 119.620 656.480 119.880 ;
        RECT 654.360 120.240 654.620 120.500 ;
        RECT 654.980 120.240 655.240 120.500 ;
        RECT 655.600 120.240 655.860 120.500 ;
        RECT 656.220 120.240 656.480 120.500 ;
        RECT 667.730 119.410 667.990 119.670 ;
        RECT 668.250 119.410 668.510 119.670 ;
        RECT 668.770 119.410 669.030 119.670 ;
        RECT 667.730 119.930 667.990 120.190 ;
        RECT 668.250 119.930 668.510 120.190 ;
        RECT 668.770 119.930 669.030 120.190 ;
        RECT 667.730 120.450 667.990 120.710 ;
        RECT 668.250 120.450 668.510 120.710 ;
        RECT 668.770 120.450 669.030 120.710 ;
        RECT 664.430 116.110 664.690 116.370 ;
        RECT 664.950 116.110 665.210 116.370 ;
        RECT 665.470 116.110 665.730 116.370 ;
        RECT 664.430 116.630 664.690 116.890 ;
        RECT 664.950 116.630 665.210 116.890 ;
        RECT 665.470 116.630 665.730 116.890 ;
        RECT 664.430 117.150 664.690 117.410 ;
        RECT 664.950 117.150 665.210 117.410 ;
        RECT 665.470 117.150 665.730 117.410 ;
        RECT 651.110 119.410 651.370 119.670 ;
        RECT 651.630 119.410 651.890 119.670 ;
        RECT 651.110 119.930 651.370 120.190 ;
        RECT 651.630 119.930 651.890 120.190 ;
        RECT 651.110 120.450 651.370 120.710 ;
        RECT 651.630 120.450 651.890 120.710 ;
        RECT 686.810 119.620 687.070 119.880 ;
        RECT 687.430 119.620 687.690 119.880 ;
        RECT 688.050 119.620 688.310 119.880 ;
        RECT 688.670 119.620 688.930 119.880 ;
        RECT 686.810 120.240 687.070 120.500 ;
        RECT 687.430 120.240 687.690 120.500 ;
        RECT 688.050 120.240 688.310 120.500 ;
        RECT 688.670 120.240 688.930 120.500 ;
        RECT 843.690 116.320 843.950 116.580 ;
        RECT 844.310 116.320 844.570 116.580 ;
        RECT 844.930 116.320 845.190 116.580 ;
        RECT 843.690 116.940 843.950 117.200 ;
        RECT 844.310 116.940 844.570 117.200 ;
        RECT 844.930 116.940 845.190 117.200 ;
        RECT 767.730 119.410 767.990 119.670 ;
        RECT 768.250 119.410 768.510 119.670 ;
        RECT 768.770 119.410 769.030 119.670 ;
        RECT 767.730 119.930 767.990 120.190 ;
        RECT 768.250 119.930 768.510 120.190 ;
        RECT 768.770 119.930 769.030 120.190 ;
        RECT 767.730 120.450 767.990 120.710 ;
        RECT 768.250 120.450 768.510 120.710 ;
        RECT 768.770 120.450 769.030 120.710 ;
        RECT 817.730 119.410 817.990 119.670 ;
        RECT 818.250 119.410 818.510 119.670 ;
        RECT 818.770 119.410 819.030 119.670 ;
        RECT 817.730 119.930 817.990 120.190 ;
        RECT 818.250 119.930 818.510 120.190 ;
        RECT 818.770 119.930 819.030 120.190 ;
        RECT 817.730 120.450 817.990 120.710 ;
        RECT 818.250 120.450 818.510 120.710 ;
        RECT 818.770 120.450 819.030 120.710 ;
        RECT 767.730 119.410 767.990 119.670 ;
        RECT 768.250 119.410 768.510 119.670 ;
        RECT 768.770 119.410 769.030 119.670 ;
        RECT 767.730 119.930 767.990 120.190 ;
        RECT 768.250 119.930 768.510 120.190 ;
        RECT 768.770 119.930 769.030 120.190 ;
        RECT 767.730 120.450 767.990 120.710 ;
        RECT 768.250 120.450 768.510 120.710 ;
        RECT 768.770 120.450 769.030 120.710 ;
        RECT 785.695 116.320 785.955 116.580 ;
        RECT 786.315 116.320 786.575 116.580 ;
        RECT 786.935 116.320 787.195 116.580 ;
        RECT 787.555 116.320 787.815 116.580 ;
        RECT 785.695 116.940 785.955 117.200 ;
        RECT 786.315 116.940 786.575 117.200 ;
        RECT 786.935 116.940 787.195 117.200 ;
        RECT 787.555 116.940 787.815 117.200 ;
        RECT 814.430 116.110 814.690 116.370 ;
        RECT 814.950 116.110 815.210 116.370 ;
        RECT 815.470 116.110 815.730 116.370 ;
        RECT 814.430 116.630 814.690 116.890 ;
        RECT 814.950 116.630 815.210 116.890 ;
        RECT 815.470 116.630 815.730 116.890 ;
        RECT 814.430 117.150 814.690 117.410 ;
        RECT 814.950 117.150 815.210 117.410 ;
        RECT 815.470 117.150 815.730 117.410 ;
        RECT 764.430 116.110 764.690 116.370 ;
        RECT 764.950 116.110 765.210 116.370 ;
        RECT 765.470 116.110 765.730 116.370 ;
        RECT 764.430 116.630 764.690 116.890 ;
        RECT 764.950 116.630 765.210 116.890 ;
        RECT 765.470 116.630 765.730 116.890 ;
        RECT 764.430 117.150 764.690 117.410 ;
        RECT 764.950 117.150 765.210 117.410 ;
        RECT 765.470 117.150 765.730 117.410 ;
        RECT 846.190 119.620 846.450 119.880 ;
        RECT 846.810 119.620 847.070 119.880 ;
        RECT 847.430 119.620 847.690 119.880 ;
        RECT 846.190 120.240 846.450 120.500 ;
        RECT 846.810 120.240 847.070 120.500 ;
        RECT 847.430 120.240 847.690 120.500 ;
        RECT 751.710 119.620 751.970 119.880 ;
        RECT 752.330 119.620 752.590 119.880 ;
        RECT 752.950 119.620 753.210 119.880 ;
        RECT 753.570 119.620 753.830 119.880 ;
        RECT 751.710 120.240 751.970 120.500 ;
        RECT 752.330 120.240 752.590 120.500 ;
        RECT 752.950 120.240 753.210 120.500 ;
        RECT 753.570 120.240 753.830 120.500 ;
        RECT 764.430 116.110 764.690 116.370 ;
        RECT 764.950 116.110 765.210 116.370 ;
        RECT 765.470 116.110 765.730 116.370 ;
        RECT 764.430 116.630 764.690 116.890 ;
        RECT 764.950 116.630 765.210 116.890 ;
        RECT 765.470 116.630 765.730 116.890 ;
        RECT 764.430 117.150 764.690 117.410 ;
        RECT 764.950 117.150 765.210 117.410 ;
        RECT 765.470 117.150 765.730 117.410 ;
        RECT 617.730 169.410 617.990 169.670 ;
        RECT 618.250 169.410 618.510 169.670 ;
        RECT 618.770 169.410 619.030 169.670 ;
        RECT 617.730 169.930 617.990 170.190 ;
        RECT 618.250 169.930 618.510 170.190 ;
        RECT 618.770 169.930 619.030 170.190 ;
        RECT 617.730 170.450 617.990 170.710 ;
        RECT 618.250 170.450 618.510 170.710 ;
        RECT 618.770 170.450 619.030 170.710 ;
        RECT 614.430 166.110 614.690 166.370 ;
        RECT 614.950 166.110 615.210 166.370 ;
        RECT 615.470 166.110 615.730 166.370 ;
        RECT 614.430 166.630 614.690 166.890 ;
        RECT 614.950 166.630 615.210 166.890 ;
        RECT 615.470 166.630 615.730 166.890 ;
        RECT 614.430 167.150 614.690 167.410 ;
        RECT 614.950 167.150 615.210 167.410 ;
        RECT 615.470 167.150 615.730 167.410 ;
        RECT 572.090 169.410 572.350 169.670 ;
        RECT 572.610 169.410 572.870 169.670 ;
        RECT 572.090 169.930 572.350 170.190 ;
        RECT 572.610 169.930 572.870 170.190 ;
        RECT 572.090 170.450 572.350 170.710 ;
        RECT 572.610 170.450 572.870 170.710 ;
        RECT 567.500 169.620 567.760 169.880 ;
        RECT 568.120 169.620 568.380 169.880 ;
        RECT 568.740 169.620 569.000 169.880 ;
        RECT 569.360 169.620 569.620 169.880 ;
        RECT 567.500 170.240 567.760 170.500 ;
        RECT 568.120 170.240 568.380 170.500 ;
        RECT 568.740 170.240 569.000 170.500 ;
        RECT 569.360 170.240 569.620 170.500 ;
        RECT 564.430 166.110 564.690 166.370 ;
        RECT 564.950 166.110 565.210 166.370 ;
        RECT 565.470 166.110 565.730 166.370 ;
        RECT 564.430 166.630 564.690 166.890 ;
        RECT 564.950 166.630 565.210 166.890 ;
        RECT 565.470 166.630 565.730 166.890 ;
        RECT 564.430 167.150 564.690 167.410 ;
        RECT 564.950 167.150 565.210 167.410 ;
        RECT 565.470 167.150 565.730 167.410 ;
        RECT 564.430 166.110 564.690 166.370 ;
        RECT 564.950 166.110 565.210 166.370 ;
        RECT 565.470 166.110 565.730 166.370 ;
        RECT 564.430 166.630 564.690 166.890 ;
        RECT 564.950 166.630 565.210 166.890 ;
        RECT 565.470 166.630 565.730 166.890 ;
        RECT 564.430 167.150 564.690 167.410 ;
        RECT 564.950 167.150 565.210 167.410 ;
        RECT 565.470 167.150 565.730 167.410 ;
        RECT 535.050 169.620 535.310 169.880 ;
        RECT 535.670 169.620 535.930 169.880 ;
        RECT 536.290 169.620 536.550 169.880 ;
        RECT 536.910 169.620 537.170 169.880 ;
        RECT 535.050 170.240 535.310 170.500 ;
        RECT 535.670 170.240 535.930 170.500 ;
        RECT 536.290 170.240 536.550 170.500 ;
        RECT 536.910 170.240 537.170 170.500 ;
        RECT 575.730 166.110 575.990 166.370 ;
        RECT 576.250 166.110 576.510 166.370 ;
        RECT 575.730 166.630 575.990 166.890 ;
        RECT 576.250 166.630 576.510 166.890 ;
        RECT 575.730 167.150 575.990 167.410 ;
        RECT 576.250 167.150 576.510 167.410 ;
        RECT 517.730 169.410 517.990 169.670 ;
        RECT 518.250 169.410 518.510 169.670 ;
        RECT 518.770 169.410 519.030 169.670 ;
        RECT 517.730 169.930 517.990 170.190 ;
        RECT 518.250 169.930 518.510 170.190 ;
        RECT 518.770 169.930 519.030 170.190 ;
        RECT 517.730 170.450 517.990 170.710 ;
        RECT 518.250 170.450 518.510 170.710 ;
        RECT 518.770 170.450 519.030 170.710 ;
        RECT 502.600 169.620 502.860 169.880 ;
        RECT 503.220 169.620 503.480 169.880 ;
        RECT 503.840 169.620 504.100 169.880 ;
        RECT 504.460 169.620 504.720 169.880 ;
        RECT 502.600 170.240 502.860 170.500 ;
        RECT 503.220 170.240 503.480 170.500 ;
        RECT 503.840 170.240 504.100 170.500 ;
        RECT 504.460 170.240 504.720 170.500 ;
        RECT 517.730 169.410 517.990 169.670 ;
        RECT 518.250 169.410 518.510 169.670 ;
        RECT 518.770 169.410 519.030 169.670 ;
        RECT 517.730 169.930 517.990 170.190 ;
        RECT 518.250 169.930 518.510 170.190 ;
        RECT 518.770 169.930 519.030 170.190 ;
        RECT 517.730 170.450 517.990 170.710 ;
        RECT 518.250 170.450 518.510 170.710 ;
        RECT 518.770 170.450 519.030 170.710 ;
        RECT 436.165 166.320 436.425 166.580 ;
        RECT 436.785 166.320 437.045 166.580 ;
        RECT 437.405 166.320 437.665 166.580 ;
        RECT 438.025 166.320 438.285 166.580 ;
        RECT 436.165 166.940 436.425 167.200 ;
        RECT 436.785 166.940 437.045 167.200 ;
        RECT 437.405 166.940 437.665 167.200 ;
        RECT 438.025 166.940 438.285 167.200 ;
        RECT 464.430 166.110 464.690 166.370 ;
        RECT 464.950 166.110 465.210 166.370 ;
        RECT 465.470 166.110 465.730 166.370 ;
        RECT 464.430 166.630 464.690 166.890 ;
        RECT 464.950 166.630 465.210 166.890 ;
        RECT 465.470 166.630 465.730 166.890 ;
        RECT 464.430 167.150 464.690 167.410 ;
        RECT 464.950 167.150 465.210 167.410 ;
        RECT 465.470 167.150 465.730 167.410 ;
        RECT 467.730 169.410 467.990 169.670 ;
        RECT 468.250 169.410 468.510 169.670 ;
        RECT 468.770 169.410 469.030 169.670 ;
        RECT 467.730 169.930 467.990 170.190 ;
        RECT 468.250 169.930 468.510 170.190 ;
        RECT 468.770 169.930 469.030 170.190 ;
        RECT 467.730 170.450 467.990 170.710 ;
        RECT 468.250 170.450 468.510 170.710 ;
        RECT 468.770 170.450 469.030 170.710 ;
        RECT 467.730 169.410 467.990 169.670 ;
        RECT 468.250 169.410 468.510 169.670 ;
        RECT 468.770 169.410 469.030 169.670 ;
        RECT 467.730 169.930 467.990 170.190 ;
        RECT 468.250 169.930 468.510 170.190 ;
        RECT 468.770 169.930 469.030 170.190 ;
        RECT 467.730 170.450 467.990 170.710 ;
        RECT 468.250 170.450 468.510 170.710 ;
        RECT 468.770 170.450 469.030 170.710 ;
        RECT 470.150 169.620 470.410 169.880 ;
        RECT 470.770 169.620 471.030 169.880 ;
        RECT 471.390 169.620 471.650 169.880 ;
        RECT 472.010 169.620 472.270 169.880 ;
        RECT 470.150 170.240 470.410 170.500 ;
        RECT 470.770 170.240 471.030 170.500 ;
        RECT 471.390 170.240 471.650 170.500 ;
        RECT 472.010 170.240 472.270 170.500 ;
        RECT 464.430 166.110 464.690 166.370 ;
        RECT 464.950 166.110 465.210 166.370 ;
        RECT 465.470 166.110 465.730 166.370 ;
        RECT 464.430 166.630 464.690 166.890 ;
        RECT 464.950 166.630 465.210 166.890 ;
        RECT 465.470 166.630 465.730 166.890 ;
        RECT 464.430 167.150 464.690 167.410 ;
        RECT 464.950 167.150 465.210 167.410 ;
        RECT 465.470 167.150 465.730 167.410 ;
        RECT 502.600 119.620 502.860 119.880 ;
        RECT 503.220 119.620 503.480 119.880 ;
        RECT 503.840 119.620 504.100 119.880 ;
        RECT 504.460 119.620 504.720 119.880 ;
        RECT 502.600 120.240 502.860 120.500 ;
        RECT 503.220 120.240 503.480 120.500 ;
        RECT 503.840 120.240 504.100 120.500 ;
        RECT 504.460 120.240 504.720 120.500 ;
        RECT 517.730 119.410 517.990 119.670 ;
        RECT 518.250 119.410 518.510 119.670 ;
        RECT 518.770 119.410 519.030 119.670 ;
        RECT 517.730 119.930 517.990 120.190 ;
        RECT 518.250 119.930 518.510 120.190 ;
        RECT 518.770 119.930 519.030 120.190 ;
        RECT 517.730 120.450 517.990 120.710 ;
        RECT 518.250 120.450 518.510 120.710 ;
        RECT 518.770 120.450 519.030 120.710 ;
        RECT 517.730 119.410 517.990 119.670 ;
        RECT 518.250 119.410 518.510 119.670 ;
        RECT 518.770 119.410 519.030 119.670 ;
        RECT 517.730 119.930 517.990 120.190 ;
        RECT 518.250 119.930 518.510 120.190 ;
        RECT 518.770 119.930 519.030 120.190 ;
        RECT 517.730 120.450 517.990 120.710 ;
        RECT 518.250 120.450 518.510 120.710 ;
        RECT 518.770 120.450 519.030 120.710 ;
        RECT 470.150 119.620 470.410 119.880 ;
        RECT 470.770 119.620 471.030 119.880 ;
        RECT 471.390 119.620 471.650 119.880 ;
        RECT 472.010 119.620 472.270 119.880 ;
        RECT 470.150 120.240 470.410 120.500 ;
        RECT 470.770 120.240 471.030 120.500 ;
        RECT 471.390 120.240 471.650 120.500 ;
        RECT 472.010 120.240 472.270 120.500 ;
        RECT 464.430 116.110 464.690 116.370 ;
        RECT 464.950 116.110 465.210 116.370 ;
        RECT 465.470 116.110 465.730 116.370 ;
        RECT 464.430 116.630 464.690 116.890 ;
        RECT 464.950 116.630 465.210 116.890 ;
        RECT 465.470 116.630 465.730 116.890 ;
        RECT 464.430 117.150 464.690 117.410 ;
        RECT 464.950 117.150 465.210 117.410 ;
        RECT 465.470 117.150 465.730 117.410 ;
        RECT 464.430 116.110 464.690 116.370 ;
        RECT 464.950 116.110 465.210 116.370 ;
        RECT 465.470 116.110 465.730 116.370 ;
        RECT 464.430 116.630 464.690 116.890 ;
        RECT 464.950 116.630 465.210 116.890 ;
        RECT 465.470 116.630 465.730 116.890 ;
        RECT 464.430 117.150 464.690 117.410 ;
        RECT 464.950 117.150 465.210 117.410 ;
        RECT 465.470 117.150 465.730 117.410 ;
        RECT 436.165 116.320 436.425 116.580 ;
        RECT 436.785 116.320 437.045 116.580 ;
        RECT 437.405 116.320 437.665 116.580 ;
        RECT 438.025 116.320 438.285 116.580 ;
        RECT 436.165 116.940 436.425 117.200 ;
        RECT 436.785 116.940 437.045 117.200 ;
        RECT 437.405 116.940 437.665 117.200 ;
        RECT 438.025 116.940 438.285 117.200 ;
        RECT 467.730 119.410 467.990 119.670 ;
        RECT 468.250 119.410 468.510 119.670 ;
        RECT 468.770 119.410 469.030 119.670 ;
        RECT 467.730 119.930 467.990 120.190 ;
        RECT 468.250 119.930 468.510 120.190 ;
        RECT 468.770 119.930 469.030 120.190 ;
        RECT 467.730 120.450 467.990 120.710 ;
        RECT 468.250 120.450 468.510 120.710 ;
        RECT 468.770 120.450 469.030 120.710 ;
        RECT 467.730 119.410 467.990 119.670 ;
        RECT 468.250 119.410 468.510 119.670 ;
        RECT 468.770 119.410 469.030 119.670 ;
        RECT 467.730 119.930 467.990 120.190 ;
        RECT 468.250 119.930 468.510 120.190 ;
        RECT 468.770 119.930 469.030 120.190 ;
        RECT 467.730 120.450 467.990 120.710 ;
        RECT 468.250 120.450 468.510 120.710 ;
        RECT 468.770 120.450 469.030 120.710 ;
        RECT 614.430 116.110 614.690 116.370 ;
        RECT 614.950 116.110 615.210 116.370 ;
        RECT 615.470 116.110 615.730 116.370 ;
        RECT 614.430 116.630 614.690 116.890 ;
        RECT 614.950 116.630 615.210 116.890 ;
        RECT 615.470 116.630 615.730 116.890 ;
        RECT 614.430 117.150 614.690 117.410 ;
        RECT 614.950 117.150 615.210 117.410 ;
        RECT 615.470 117.150 615.730 117.410 ;
        RECT 617.730 119.410 617.990 119.670 ;
        RECT 618.250 119.410 618.510 119.670 ;
        RECT 618.770 119.410 619.030 119.670 ;
        RECT 617.730 119.930 617.990 120.190 ;
        RECT 618.250 119.930 618.510 120.190 ;
        RECT 618.770 119.930 619.030 120.190 ;
        RECT 617.730 120.450 617.990 120.710 ;
        RECT 618.250 120.450 618.510 120.710 ;
        RECT 618.770 120.450 619.030 120.710 ;
        RECT 564.430 116.110 564.690 116.370 ;
        RECT 564.950 116.110 565.210 116.370 ;
        RECT 565.470 116.110 565.730 116.370 ;
        RECT 564.430 116.630 564.690 116.890 ;
        RECT 564.950 116.630 565.210 116.890 ;
        RECT 565.470 116.630 565.730 116.890 ;
        RECT 564.430 117.150 564.690 117.410 ;
        RECT 564.950 117.150 565.210 117.410 ;
        RECT 565.470 117.150 565.730 117.410 ;
        RECT 572.090 119.410 572.350 119.670 ;
        RECT 572.610 119.410 572.870 119.670 ;
        RECT 572.090 119.930 572.350 120.190 ;
        RECT 572.610 119.930 572.870 120.190 ;
        RECT 572.090 120.450 572.350 120.710 ;
        RECT 572.610 120.450 572.870 120.710 ;
        RECT 567.500 119.620 567.760 119.880 ;
        RECT 568.120 119.620 568.380 119.880 ;
        RECT 568.740 119.620 569.000 119.880 ;
        RECT 569.360 119.620 569.620 119.880 ;
        RECT 567.500 120.240 567.760 120.500 ;
        RECT 568.120 120.240 568.380 120.500 ;
        RECT 568.740 120.240 569.000 120.500 ;
        RECT 569.360 120.240 569.620 120.500 ;
        RECT 564.430 116.110 564.690 116.370 ;
        RECT 564.950 116.110 565.210 116.370 ;
        RECT 565.470 116.110 565.730 116.370 ;
        RECT 564.430 116.630 564.690 116.890 ;
        RECT 564.950 116.630 565.210 116.890 ;
        RECT 565.470 116.630 565.730 116.890 ;
        RECT 564.430 117.150 564.690 117.410 ;
        RECT 564.950 117.150 565.210 117.410 ;
        RECT 565.470 117.150 565.730 117.410 ;
        RECT 535.050 119.620 535.310 119.880 ;
        RECT 535.670 119.620 535.930 119.880 ;
        RECT 536.290 119.620 536.550 119.880 ;
        RECT 536.910 119.620 537.170 119.880 ;
        RECT 535.050 120.240 535.310 120.500 ;
        RECT 535.670 120.240 535.930 120.500 ;
        RECT 536.290 120.240 536.550 120.500 ;
        RECT 536.910 120.240 537.170 120.500 ;
        RECT 575.730 116.110 575.990 116.370 ;
        RECT 576.250 116.110 576.510 116.370 ;
        RECT 575.730 116.630 575.990 116.890 ;
        RECT 576.250 116.630 576.510 116.890 ;
        RECT 575.730 117.150 575.990 117.410 ;
        RECT 576.250 117.150 576.510 117.410 ;
        RECT 535.050 69.620 535.310 69.880 ;
        RECT 535.670 69.620 535.930 69.880 ;
        RECT 536.290 69.620 536.550 69.880 ;
        RECT 536.910 69.620 537.170 69.880 ;
        RECT 535.050 70.240 535.310 70.500 ;
        RECT 535.670 70.240 535.930 70.500 ;
        RECT 536.290 70.240 536.550 70.500 ;
        RECT 536.910 70.240 537.170 70.500 ;
        RECT 564.430 66.110 564.690 66.370 ;
        RECT 564.950 66.110 565.210 66.370 ;
        RECT 565.470 66.110 565.730 66.370 ;
        RECT 564.430 66.630 564.690 66.890 ;
        RECT 564.950 66.630 565.210 66.890 ;
        RECT 565.470 66.630 565.730 66.890 ;
        RECT 564.430 67.150 564.690 67.410 ;
        RECT 564.950 67.150 565.210 67.410 ;
        RECT 565.470 67.150 565.730 67.410 ;
        RECT 617.730 69.410 617.990 69.670 ;
        RECT 618.250 69.410 618.510 69.670 ;
        RECT 618.770 69.410 619.030 69.670 ;
        RECT 617.730 69.930 617.990 70.190 ;
        RECT 618.250 69.930 618.510 70.190 ;
        RECT 618.770 69.930 619.030 70.190 ;
        RECT 617.730 70.450 617.990 70.710 ;
        RECT 618.250 70.450 618.510 70.710 ;
        RECT 618.770 70.450 619.030 70.710 ;
        RECT 614.430 66.110 614.690 66.370 ;
        RECT 614.950 66.110 615.210 66.370 ;
        RECT 615.470 66.110 615.730 66.370 ;
        RECT 614.430 66.630 614.690 66.890 ;
        RECT 614.950 66.630 615.210 66.890 ;
        RECT 615.470 66.630 615.730 66.890 ;
        RECT 614.430 67.150 614.690 67.410 ;
        RECT 614.950 67.150 615.210 67.410 ;
        RECT 615.470 67.150 615.730 67.410 ;
        RECT 567.500 69.620 567.760 69.880 ;
        RECT 568.120 69.620 568.380 69.880 ;
        RECT 568.740 69.620 569.000 69.880 ;
        RECT 569.360 69.620 569.620 69.880 ;
        RECT 567.500 70.240 567.760 70.500 ;
        RECT 568.120 70.240 568.380 70.500 ;
        RECT 568.740 70.240 569.000 70.500 ;
        RECT 569.360 70.240 569.620 70.500 ;
        RECT 564.430 66.110 564.690 66.370 ;
        RECT 564.950 66.110 565.210 66.370 ;
        RECT 565.470 66.110 565.730 66.370 ;
        RECT 564.430 66.630 564.690 66.890 ;
        RECT 564.950 66.630 565.210 66.890 ;
        RECT 565.470 66.630 565.730 66.890 ;
        RECT 564.430 67.150 564.690 67.410 ;
        RECT 564.950 67.150 565.210 67.410 ;
        RECT 565.470 67.150 565.730 67.410 ;
        RECT 572.090 69.410 572.350 69.670 ;
        RECT 572.610 69.410 572.870 69.670 ;
        RECT 572.090 69.930 572.350 70.190 ;
        RECT 572.610 69.930 572.870 70.190 ;
        RECT 572.090 70.450 572.350 70.710 ;
        RECT 572.610 70.450 572.870 70.710 ;
        RECT 575.730 66.110 575.990 66.370 ;
        RECT 576.250 66.110 576.510 66.370 ;
        RECT 575.730 66.630 575.990 66.890 ;
        RECT 576.250 66.630 576.510 66.890 ;
        RECT 575.730 67.150 575.990 67.410 ;
        RECT 576.250 67.150 576.510 67.410 ;
        RECT 467.730 69.410 467.990 69.670 ;
        RECT 468.250 69.410 468.510 69.670 ;
        RECT 468.770 69.410 469.030 69.670 ;
        RECT 467.730 69.930 467.990 70.190 ;
        RECT 468.250 69.930 468.510 70.190 ;
        RECT 468.770 69.930 469.030 70.190 ;
        RECT 467.730 70.450 467.990 70.710 ;
        RECT 468.250 70.450 468.510 70.710 ;
        RECT 468.770 70.450 469.030 70.710 ;
        RECT 502.600 69.620 502.860 69.880 ;
        RECT 503.220 69.620 503.480 69.880 ;
        RECT 503.840 69.620 504.100 69.880 ;
        RECT 504.460 69.620 504.720 69.880 ;
        RECT 502.600 70.240 502.860 70.500 ;
        RECT 503.220 70.240 503.480 70.500 ;
        RECT 503.840 70.240 504.100 70.500 ;
        RECT 504.460 70.240 504.720 70.500 ;
        RECT 464.430 66.110 464.690 66.370 ;
        RECT 464.950 66.110 465.210 66.370 ;
        RECT 465.470 66.110 465.730 66.370 ;
        RECT 464.430 66.630 464.690 66.890 ;
        RECT 464.950 66.630 465.210 66.890 ;
        RECT 465.470 66.630 465.730 66.890 ;
        RECT 464.430 67.150 464.690 67.410 ;
        RECT 464.950 67.150 465.210 67.410 ;
        RECT 465.470 67.150 465.730 67.410 ;
        RECT 517.730 69.410 517.990 69.670 ;
        RECT 518.250 69.410 518.510 69.670 ;
        RECT 518.770 69.410 519.030 69.670 ;
        RECT 517.730 69.930 517.990 70.190 ;
        RECT 518.250 69.930 518.510 70.190 ;
        RECT 518.770 69.930 519.030 70.190 ;
        RECT 517.730 70.450 517.990 70.710 ;
        RECT 518.250 70.450 518.510 70.710 ;
        RECT 518.770 70.450 519.030 70.710 ;
        RECT 467.730 69.410 467.990 69.670 ;
        RECT 468.250 69.410 468.510 69.670 ;
        RECT 468.770 69.410 469.030 69.670 ;
        RECT 467.730 69.930 467.990 70.190 ;
        RECT 468.250 69.930 468.510 70.190 ;
        RECT 468.770 69.930 469.030 70.190 ;
        RECT 467.730 70.450 467.990 70.710 ;
        RECT 468.250 70.450 468.510 70.710 ;
        RECT 468.770 70.450 469.030 70.710 ;
        RECT 464.430 66.110 464.690 66.370 ;
        RECT 464.950 66.110 465.210 66.370 ;
        RECT 465.470 66.110 465.730 66.370 ;
        RECT 464.430 66.630 464.690 66.890 ;
        RECT 464.950 66.630 465.210 66.890 ;
        RECT 465.470 66.630 465.730 66.890 ;
        RECT 464.430 67.150 464.690 67.410 ;
        RECT 464.950 67.150 465.210 67.410 ;
        RECT 465.470 67.150 465.730 67.410 ;
        RECT 517.730 69.410 517.990 69.670 ;
        RECT 518.250 69.410 518.510 69.670 ;
        RECT 518.770 69.410 519.030 69.670 ;
        RECT 517.730 69.930 517.990 70.190 ;
        RECT 518.250 69.930 518.510 70.190 ;
        RECT 518.770 69.930 519.030 70.190 ;
        RECT 517.730 70.450 517.990 70.710 ;
        RECT 518.250 70.450 518.510 70.710 ;
        RECT 518.770 70.450 519.030 70.710 ;
        RECT 470.150 69.620 470.410 69.880 ;
        RECT 470.770 69.620 471.030 69.880 ;
        RECT 471.390 69.620 471.650 69.880 ;
        RECT 472.010 69.620 472.270 69.880 ;
        RECT 470.150 70.240 470.410 70.500 ;
        RECT 470.770 70.240 471.030 70.500 ;
        RECT 471.390 70.240 471.650 70.500 ;
        RECT 472.010 70.240 472.270 70.500 ;
        RECT 436.165 66.320 436.425 66.580 ;
        RECT 436.785 66.320 437.045 66.580 ;
        RECT 437.405 66.320 437.665 66.580 ;
        RECT 438.025 66.320 438.285 66.580 ;
        RECT 436.165 66.940 436.425 67.200 ;
        RECT 436.785 66.940 437.045 67.200 ;
        RECT 437.405 66.940 437.665 67.200 ;
        RECT 438.025 66.940 438.285 67.200 ;
        RECT 467.730 19.410 467.990 19.670 ;
        RECT 468.250 19.410 468.510 19.670 ;
        RECT 468.770 19.410 469.030 19.670 ;
        RECT 467.730 19.930 467.990 20.190 ;
        RECT 468.250 19.930 468.510 20.190 ;
        RECT 468.770 19.930 469.030 20.190 ;
        RECT 467.730 20.450 467.990 20.710 ;
        RECT 468.250 20.450 468.510 20.710 ;
        RECT 468.770 20.450 469.030 20.710 ;
        RECT 514.430 2.950 514.690 3.210 ;
        RECT 514.950 2.950 515.210 3.210 ;
        RECT 515.470 2.950 515.730 3.210 ;
        RECT 514.430 3.470 514.690 3.730 ;
        RECT 514.950 3.470 515.210 3.730 ;
        RECT 515.470 3.470 515.730 3.730 ;
        RECT 514.430 3.990 514.690 4.250 ;
        RECT 514.950 3.990 515.210 4.250 ;
        RECT 515.470 3.990 515.730 4.250 ;
        RECT 467.940 0.510 468.200 0.770 ;
        RECT 468.560 0.510 468.820 0.770 ;
        RECT 467.940 1.130 468.200 1.390 ;
        RECT 468.560 1.130 468.820 1.390 ;
        RECT 467.940 1.750 468.200 2.010 ;
        RECT 468.560 1.750 468.820 2.010 ;
        RECT 502.600 19.620 502.860 19.880 ;
        RECT 503.220 19.620 503.480 19.880 ;
        RECT 503.840 19.620 504.100 19.880 ;
        RECT 504.460 19.620 504.720 19.880 ;
        RECT 502.600 20.240 502.860 20.500 ;
        RECT 503.220 20.240 503.480 20.500 ;
        RECT 503.840 20.240 504.100 20.500 ;
        RECT 504.460 20.240 504.720 20.500 ;
        RECT 517.730 19.410 517.990 19.670 ;
        RECT 518.250 19.410 518.510 19.670 ;
        RECT 518.770 19.410 519.030 19.670 ;
        RECT 517.730 19.930 517.990 20.190 ;
        RECT 518.250 19.930 518.510 20.190 ;
        RECT 518.770 19.930 519.030 20.190 ;
        RECT 517.730 20.450 517.990 20.710 ;
        RECT 518.250 20.450 518.510 20.710 ;
        RECT 518.770 20.450 519.030 20.710 ;
        RECT 517.940 0.510 518.200 0.770 ;
        RECT 518.560 0.510 518.820 0.770 ;
        RECT 517.940 1.130 518.200 1.390 ;
        RECT 518.560 1.130 518.820 1.390 ;
        RECT 517.940 1.750 518.200 2.010 ;
        RECT 518.560 1.750 518.820 2.010 ;
        RECT 464.430 16.110 464.690 16.370 ;
        RECT 464.950 16.110 465.210 16.370 ;
        RECT 465.470 16.110 465.730 16.370 ;
        RECT 464.430 16.630 464.690 16.890 ;
        RECT 464.950 16.630 465.210 16.890 ;
        RECT 465.470 16.630 465.730 16.890 ;
        RECT 464.430 17.150 464.690 17.410 ;
        RECT 464.950 17.150 465.210 17.410 ;
        RECT 465.470 17.150 465.730 17.410 ;
        RECT 464.430 16.110 464.690 16.370 ;
        RECT 464.950 16.110 465.210 16.370 ;
        RECT 465.470 16.110 465.730 16.370 ;
        RECT 464.430 16.630 464.690 16.890 ;
        RECT 464.950 16.630 465.210 16.890 ;
        RECT 465.470 16.630 465.730 16.890 ;
        RECT 464.430 17.150 464.690 17.410 ;
        RECT 464.950 17.150 465.210 17.410 ;
        RECT 465.470 17.150 465.730 17.410 ;
        RECT 517.730 19.410 517.990 19.670 ;
        RECT 518.250 19.410 518.510 19.670 ;
        RECT 518.770 19.410 519.030 19.670 ;
        RECT 517.730 19.930 517.990 20.190 ;
        RECT 518.250 19.930 518.510 20.190 ;
        RECT 518.770 19.930 519.030 20.190 ;
        RECT 517.730 20.450 517.990 20.710 ;
        RECT 518.250 20.450 518.510 20.710 ;
        RECT 518.770 20.450 519.030 20.710 ;
        RECT 436.165 16.320 436.425 16.580 ;
        RECT 436.785 16.320 437.045 16.580 ;
        RECT 437.405 16.320 437.665 16.580 ;
        RECT 438.025 16.320 438.285 16.580 ;
        RECT 436.165 16.940 436.425 17.200 ;
        RECT 436.785 16.940 437.045 17.200 ;
        RECT 437.405 16.940 437.665 17.200 ;
        RECT 438.025 16.940 438.285 17.200 ;
        RECT 467.730 19.410 467.990 19.670 ;
        RECT 468.250 19.410 468.510 19.670 ;
        RECT 468.770 19.410 469.030 19.670 ;
        RECT 467.730 19.930 467.990 20.190 ;
        RECT 468.250 19.930 468.510 20.190 ;
        RECT 468.770 19.930 469.030 20.190 ;
        RECT 467.730 20.450 467.990 20.710 ;
        RECT 468.250 20.450 468.510 20.710 ;
        RECT 468.770 20.450 469.030 20.710 ;
        RECT 464.640 3.010 464.900 3.270 ;
        RECT 465.260 3.010 465.520 3.270 ;
        RECT 464.640 3.630 464.900 3.890 ;
        RECT 465.260 3.630 465.520 3.890 ;
        RECT 464.640 4.250 464.900 4.510 ;
        RECT 465.260 4.250 465.520 4.510 ;
        RECT 470.150 19.620 470.410 19.880 ;
        RECT 470.770 19.620 471.030 19.880 ;
        RECT 471.390 19.620 471.650 19.880 ;
        RECT 472.010 19.620 472.270 19.880 ;
        RECT 470.150 20.240 470.410 20.500 ;
        RECT 470.770 20.240 471.030 20.500 ;
        RECT 471.390 20.240 471.650 20.500 ;
        RECT 472.010 20.240 472.270 20.500 ;
        RECT 617.730 19.410 617.990 19.670 ;
        RECT 618.250 19.410 618.510 19.670 ;
        RECT 618.770 19.410 619.030 19.670 ;
        RECT 617.730 19.930 617.990 20.190 ;
        RECT 618.250 19.930 618.510 20.190 ;
        RECT 618.770 19.930 619.030 20.190 ;
        RECT 617.730 20.450 617.990 20.710 ;
        RECT 618.250 20.450 618.510 20.710 ;
        RECT 618.770 20.450 619.030 20.710 ;
        RECT 575.730 16.110 575.990 16.370 ;
        RECT 576.250 16.110 576.510 16.370 ;
        RECT 575.730 16.630 575.990 16.890 ;
        RECT 576.250 16.630 576.510 16.890 ;
        RECT 575.730 17.150 575.990 17.410 ;
        RECT 576.250 17.150 576.510 17.410 ;
        RECT 535.050 19.620 535.310 19.880 ;
        RECT 535.670 19.620 535.930 19.880 ;
        RECT 536.290 19.620 536.550 19.880 ;
        RECT 536.910 19.620 537.170 19.880 ;
        RECT 535.050 20.240 535.310 20.500 ;
        RECT 535.670 20.240 535.930 20.500 ;
        RECT 536.290 20.240 536.550 20.500 ;
        RECT 536.910 20.240 537.170 20.500 ;
        RECT 617.940 0.510 618.200 0.770 ;
        RECT 618.560 0.510 618.820 0.770 ;
        RECT 617.940 1.130 618.200 1.390 ;
        RECT 618.560 1.130 618.820 1.390 ;
        RECT 617.940 1.750 618.200 2.010 ;
        RECT 618.560 1.750 618.820 2.010 ;
        RECT 567.500 19.620 567.760 19.880 ;
        RECT 568.120 19.620 568.380 19.880 ;
        RECT 568.740 19.620 569.000 19.880 ;
        RECT 569.360 19.620 569.620 19.880 ;
        RECT 567.500 20.240 567.760 20.500 ;
        RECT 568.120 20.240 568.380 20.500 ;
        RECT 568.740 20.240 569.000 20.500 ;
        RECT 569.360 20.240 569.620 20.500 ;
        RECT 614.430 16.110 614.690 16.370 ;
        RECT 614.950 16.110 615.210 16.370 ;
        RECT 615.470 16.110 615.730 16.370 ;
        RECT 614.430 16.630 614.690 16.890 ;
        RECT 614.950 16.630 615.210 16.890 ;
        RECT 615.470 16.630 615.730 16.890 ;
        RECT 614.430 17.150 614.690 17.410 ;
        RECT 614.950 17.150 615.210 17.410 ;
        RECT 615.470 17.150 615.730 17.410 ;
        RECT 572.090 19.410 572.350 19.670 ;
        RECT 572.610 19.410 572.870 19.670 ;
        RECT 572.090 19.930 572.350 20.190 ;
        RECT 572.610 19.930 572.870 20.190 ;
        RECT 572.090 20.450 572.350 20.710 ;
        RECT 572.610 20.450 572.870 20.710 ;
        RECT 567.940 0.510 568.200 0.770 ;
        RECT 568.560 0.510 568.820 0.770 ;
        RECT 567.940 1.130 568.200 1.390 ;
        RECT 568.560 1.130 568.820 1.390 ;
        RECT 567.940 1.750 568.200 2.010 ;
        RECT 568.560 1.750 568.820 2.010 ;
        RECT 564.430 16.110 564.690 16.370 ;
        RECT 564.950 16.110 565.210 16.370 ;
        RECT 565.470 16.110 565.730 16.370 ;
        RECT 564.430 16.630 564.690 16.890 ;
        RECT 564.950 16.630 565.210 16.890 ;
        RECT 565.470 16.630 565.730 16.890 ;
        RECT 564.430 17.150 564.690 17.410 ;
        RECT 564.950 17.150 565.210 17.410 ;
        RECT 565.470 17.150 565.730 17.410 ;
        RECT 564.640 3.010 564.900 3.270 ;
        RECT 565.260 3.010 565.520 3.270 ;
        RECT 564.640 3.630 564.900 3.890 ;
        RECT 565.260 3.630 565.520 3.890 ;
        RECT 564.640 4.250 564.900 4.510 ;
        RECT 565.260 4.250 565.520 4.510 ;
        RECT 614.640 3.010 614.900 3.270 ;
        RECT 615.260 3.010 615.520 3.270 ;
        RECT 614.640 3.630 614.900 3.890 ;
        RECT 615.260 3.630 615.520 3.890 ;
        RECT 614.640 4.250 614.900 4.510 ;
        RECT 615.260 4.250 615.520 4.510 ;
        RECT 564.430 16.110 564.690 16.370 ;
        RECT 564.950 16.110 565.210 16.370 ;
        RECT 565.470 16.110 565.730 16.370 ;
        RECT 564.430 16.630 564.690 16.890 ;
        RECT 564.950 16.630 565.210 16.890 ;
        RECT 565.470 16.630 565.730 16.890 ;
        RECT 564.430 17.150 564.690 17.410 ;
        RECT 564.950 17.150 565.210 17.410 ;
        RECT 565.470 17.150 565.730 17.410 ;
        RECT 767.730 69.410 767.990 69.670 ;
        RECT 768.250 69.410 768.510 69.670 ;
        RECT 768.770 69.410 769.030 69.670 ;
        RECT 767.730 69.930 767.990 70.190 ;
        RECT 768.250 69.930 768.510 70.190 ;
        RECT 768.770 69.930 769.030 70.190 ;
        RECT 767.730 70.450 767.990 70.710 ;
        RECT 768.250 70.450 768.510 70.710 ;
        RECT 768.770 70.450 769.030 70.710 ;
        RECT 764.430 66.110 764.690 66.370 ;
        RECT 764.950 66.110 765.210 66.370 ;
        RECT 765.470 66.110 765.730 66.370 ;
        RECT 764.430 66.630 764.690 66.890 ;
        RECT 764.950 66.630 765.210 66.890 ;
        RECT 765.470 66.630 765.730 66.890 ;
        RECT 764.430 67.150 764.690 67.410 ;
        RECT 764.950 67.150 765.210 67.410 ;
        RECT 765.470 67.150 765.730 67.410 ;
        RECT 785.695 66.320 785.955 66.580 ;
        RECT 786.315 66.320 786.575 66.580 ;
        RECT 786.935 66.320 787.195 66.580 ;
        RECT 787.555 66.320 787.815 66.580 ;
        RECT 785.695 66.940 785.955 67.200 ;
        RECT 786.315 66.940 786.575 67.200 ;
        RECT 786.935 66.940 787.195 67.200 ;
        RECT 787.555 66.940 787.815 67.200 ;
        RECT 751.710 69.620 751.970 69.880 ;
        RECT 752.330 69.620 752.590 69.880 ;
        RECT 752.950 69.620 753.210 69.880 ;
        RECT 753.570 69.620 753.830 69.880 ;
        RECT 751.710 70.240 751.970 70.500 ;
        RECT 752.330 70.240 752.590 70.500 ;
        RECT 752.950 70.240 753.210 70.500 ;
        RECT 753.570 70.240 753.830 70.500 ;
        RECT 814.430 66.110 814.690 66.370 ;
        RECT 814.950 66.110 815.210 66.370 ;
        RECT 815.470 66.110 815.730 66.370 ;
        RECT 814.430 66.630 814.690 66.890 ;
        RECT 814.950 66.630 815.210 66.890 ;
        RECT 815.470 66.630 815.730 66.890 ;
        RECT 814.430 67.150 814.690 67.410 ;
        RECT 814.950 67.150 815.210 67.410 ;
        RECT 815.470 67.150 815.730 67.410 ;
        RECT 817.730 69.410 817.990 69.670 ;
        RECT 818.250 69.410 818.510 69.670 ;
        RECT 818.770 69.410 819.030 69.670 ;
        RECT 817.730 69.930 817.990 70.190 ;
        RECT 818.250 69.930 818.510 70.190 ;
        RECT 818.770 69.930 819.030 70.190 ;
        RECT 817.730 70.450 817.990 70.710 ;
        RECT 818.250 70.450 818.510 70.710 ;
        RECT 818.770 70.450 819.030 70.710 ;
        RECT 767.730 69.410 767.990 69.670 ;
        RECT 768.250 69.410 768.510 69.670 ;
        RECT 768.770 69.410 769.030 69.670 ;
        RECT 767.730 69.930 767.990 70.190 ;
        RECT 768.250 69.930 768.510 70.190 ;
        RECT 768.770 69.930 769.030 70.190 ;
        RECT 767.730 70.450 767.990 70.710 ;
        RECT 768.250 70.450 768.510 70.710 ;
        RECT 768.770 70.450 769.030 70.710 ;
        RECT 846.190 69.620 846.450 69.880 ;
        RECT 846.810 69.620 847.070 69.880 ;
        RECT 847.430 69.620 847.690 69.880 ;
        RECT 846.190 70.240 846.450 70.500 ;
        RECT 846.810 70.240 847.070 70.500 ;
        RECT 847.430 70.240 847.690 70.500 ;
        RECT 843.690 66.320 843.950 66.580 ;
        RECT 844.310 66.320 844.570 66.580 ;
        RECT 844.930 66.320 845.190 66.580 ;
        RECT 843.690 66.940 843.950 67.200 ;
        RECT 844.310 66.940 844.570 67.200 ;
        RECT 844.930 66.940 845.190 67.200 ;
        RECT 764.430 66.110 764.690 66.370 ;
        RECT 764.950 66.110 765.210 66.370 ;
        RECT 765.470 66.110 765.730 66.370 ;
        RECT 764.430 66.630 764.690 66.890 ;
        RECT 764.950 66.630 765.210 66.890 ;
        RECT 765.470 66.630 765.730 66.890 ;
        RECT 764.430 67.150 764.690 67.410 ;
        RECT 764.950 67.150 765.210 67.410 ;
        RECT 765.470 67.150 765.730 67.410 ;
        RECT 647.470 66.110 647.730 66.370 ;
        RECT 647.990 66.110 648.250 66.370 ;
        RECT 647.470 66.630 647.730 66.890 ;
        RECT 647.990 66.630 648.250 66.890 ;
        RECT 647.470 67.150 647.730 67.410 ;
        RECT 647.990 67.150 648.250 67.410 ;
        RECT 719.260 69.620 719.520 69.880 ;
        RECT 719.880 69.620 720.140 69.880 ;
        RECT 720.500 69.620 720.760 69.880 ;
        RECT 721.120 69.620 721.380 69.880 ;
        RECT 719.260 70.240 719.520 70.500 ;
        RECT 719.880 70.240 720.140 70.500 ;
        RECT 720.500 70.240 720.760 70.500 ;
        RECT 721.120 70.240 721.380 70.500 ;
        RECT 667.730 69.410 667.990 69.670 ;
        RECT 668.250 69.410 668.510 69.670 ;
        RECT 668.770 69.410 669.030 69.670 ;
        RECT 667.730 69.930 667.990 70.190 ;
        RECT 668.250 69.930 668.510 70.190 ;
        RECT 668.770 69.930 669.030 70.190 ;
        RECT 667.730 70.450 667.990 70.710 ;
        RECT 668.250 70.450 668.510 70.710 ;
        RECT 668.770 70.450 669.030 70.710 ;
        RECT 664.430 66.110 664.690 66.370 ;
        RECT 664.950 66.110 665.210 66.370 ;
        RECT 665.470 66.110 665.730 66.370 ;
        RECT 664.430 66.630 664.690 66.890 ;
        RECT 664.950 66.630 665.210 66.890 ;
        RECT 665.470 66.630 665.730 66.890 ;
        RECT 664.430 67.150 664.690 67.410 ;
        RECT 664.950 67.150 665.210 67.410 ;
        RECT 665.470 67.150 665.730 67.410 ;
        RECT 686.810 69.620 687.070 69.880 ;
        RECT 687.430 69.620 687.690 69.880 ;
        RECT 688.050 69.620 688.310 69.880 ;
        RECT 688.670 69.620 688.930 69.880 ;
        RECT 686.810 70.240 687.070 70.500 ;
        RECT 687.430 70.240 687.690 70.500 ;
        RECT 688.050 70.240 688.310 70.500 ;
        RECT 688.670 70.240 688.930 70.500 ;
        RECT 651.110 69.410 651.370 69.670 ;
        RECT 651.630 69.410 651.890 69.670 ;
        RECT 651.110 69.930 651.370 70.190 ;
        RECT 651.630 69.930 651.890 70.190 ;
        RECT 651.110 70.450 651.370 70.710 ;
        RECT 651.630 70.450 651.890 70.710 ;
        RECT 654.360 69.620 654.620 69.880 ;
        RECT 654.980 69.620 655.240 69.880 ;
        RECT 655.600 69.620 655.860 69.880 ;
        RECT 656.220 69.620 656.480 69.880 ;
        RECT 654.360 70.240 654.620 70.500 ;
        RECT 654.980 70.240 655.240 70.500 ;
        RECT 655.600 70.240 655.860 70.500 ;
        RECT 656.220 70.240 656.480 70.500 ;
        RECT 664.430 66.110 664.690 66.370 ;
        RECT 664.950 66.110 665.210 66.370 ;
        RECT 665.470 66.110 665.730 66.370 ;
        RECT 664.430 66.630 664.690 66.890 ;
        RECT 664.950 66.630 665.210 66.890 ;
        RECT 665.470 66.630 665.730 66.890 ;
        RECT 664.430 67.150 664.690 67.410 ;
        RECT 664.950 67.150 665.210 67.410 ;
        RECT 665.470 67.150 665.730 67.410 ;
        RECT 667.730 69.410 667.990 69.670 ;
        RECT 668.250 69.410 668.510 69.670 ;
        RECT 668.770 69.410 669.030 69.670 ;
        RECT 667.730 69.930 667.990 70.190 ;
        RECT 668.250 69.930 668.510 70.190 ;
        RECT 668.770 69.930 669.030 70.190 ;
        RECT 667.730 70.450 667.990 70.710 ;
        RECT 668.250 70.450 668.510 70.710 ;
        RECT 668.770 70.450 669.030 70.710 ;
        RECT 719.260 19.620 719.520 19.880 ;
        RECT 719.880 19.620 720.140 19.880 ;
        RECT 720.500 19.620 720.760 19.880 ;
        RECT 721.120 19.620 721.380 19.880 ;
        RECT 719.260 20.240 719.520 20.500 ;
        RECT 719.880 20.240 720.140 20.500 ;
        RECT 720.500 20.240 720.760 20.500 ;
        RECT 721.120 20.240 721.380 20.500 ;
        RECT 667.730 19.410 667.990 19.670 ;
        RECT 668.250 19.410 668.510 19.670 ;
        RECT 668.770 19.410 669.030 19.670 ;
        RECT 667.730 19.930 667.990 20.190 ;
        RECT 668.250 19.930 668.510 20.190 ;
        RECT 668.770 19.930 669.030 20.190 ;
        RECT 667.730 20.450 667.990 20.710 ;
        RECT 668.250 20.450 668.510 20.710 ;
        RECT 668.770 20.450 669.030 20.710 ;
        RECT 686.810 19.620 687.070 19.880 ;
        RECT 687.430 19.620 687.690 19.880 ;
        RECT 688.050 19.620 688.310 19.880 ;
        RECT 688.670 19.620 688.930 19.880 ;
        RECT 686.810 20.240 687.070 20.500 ;
        RECT 687.430 20.240 687.690 20.500 ;
        RECT 688.050 20.240 688.310 20.500 ;
        RECT 688.670 20.240 688.930 20.500 ;
        RECT 664.430 16.110 664.690 16.370 ;
        RECT 664.950 16.110 665.210 16.370 ;
        RECT 665.470 16.110 665.730 16.370 ;
        RECT 664.430 16.630 664.690 16.890 ;
        RECT 664.950 16.630 665.210 16.890 ;
        RECT 665.470 16.630 665.730 16.890 ;
        RECT 664.430 17.150 664.690 17.410 ;
        RECT 664.950 17.150 665.210 17.410 ;
        RECT 665.470 17.150 665.730 17.410 ;
        RECT 717.940 0.510 718.200 0.770 ;
        RECT 718.560 0.510 718.820 0.770 ;
        RECT 717.940 1.130 718.200 1.390 ;
        RECT 718.560 1.130 718.820 1.390 ;
        RECT 717.940 1.750 718.200 2.010 ;
        RECT 718.560 1.750 718.820 2.010 ;
        RECT 651.110 19.410 651.370 19.670 ;
        RECT 651.630 19.410 651.890 19.670 ;
        RECT 651.110 19.930 651.370 20.190 ;
        RECT 651.630 19.930 651.890 20.190 ;
        RECT 651.110 20.450 651.370 20.710 ;
        RECT 651.630 20.450 651.890 20.710 ;
        RECT 647.470 16.110 647.730 16.370 ;
        RECT 647.990 16.110 648.250 16.370 ;
        RECT 647.470 16.630 647.730 16.890 ;
        RECT 647.990 16.630 648.250 16.890 ;
        RECT 647.470 17.150 647.730 17.410 ;
        RECT 647.990 17.150 648.250 17.410 ;
        RECT 667.730 19.410 667.990 19.670 ;
        RECT 668.250 19.410 668.510 19.670 ;
        RECT 668.770 19.410 669.030 19.670 ;
        RECT 667.730 19.930 667.990 20.190 ;
        RECT 668.250 19.930 668.510 20.190 ;
        RECT 668.770 19.930 669.030 20.190 ;
        RECT 667.730 20.450 667.990 20.710 ;
        RECT 668.250 20.450 668.510 20.710 ;
        RECT 668.770 20.450 669.030 20.710 ;
        RECT 654.360 19.620 654.620 19.880 ;
        RECT 654.980 19.620 655.240 19.880 ;
        RECT 655.600 19.620 655.860 19.880 ;
        RECT 656.220 19.620 656.480 19.880 ;
        RECT 654.360 20.240 654.620 20.500 ;
        RECT 654.980 20.240 655.240 20.500 ;
        RECT 655.600 20.240 655.860 20.500 ;
        RECT 656.220 20.240 656.480 20.500 ;
        RECT 664.430 16.110 664.690 16.370 ;
        RECT 664.950 16.110 665.210 16.370 ;
        RECT 665.470 16.110 665.730 16.370 ;
        RECT 664.430 16.630 664.690 16.890 ;
        RECT 664.950 16.630 665.210 16.890 ;
        RECT 665.470 16.630 665.730 16.890 ;
        RECT 664.430 17.150 664.690 17.410 ;
        RECT 664.950 17.150 665.210 17.410 ;
        RECT 665.470 17.150 665.730 17.410 ;
        RECT 714.430 2.950 714.690 3.210 ;
        RECT 714.950 2.950 715.210 3.210 ;
        RECT 715.470 2.950 715.730 3.210 ;
        RECT 714.430 3.470 714.690 3.730 ;
        RECT 714.950 3.470 715.210 3.730 ;
        RECT 715.470 3.470 715.730 3.730 ;
        RECT 714.430 3.990 714.690 4.250 ;
        RECT 714.950 3.990 715.210 4.250 ;
        RECT 715.470 3.990 715.730 4.250 ;
        RECT 664.640 3.010 664.900 3.270 ;
        RECT 665.260 3.010 665.520 3.270 ;
        RECT 664.640 3.630 664.900 3.890 ;
        RECT 665.260 3.630 665.520 3.890 ;
        RECT 664.640 4.250 664.900 4.510 ;
        RECT 665.260 4.250 665.520 4.510 ;
        RECT 667.940 0.510 668.200 0.770 ;
        RECT 668.560 0.510 668.820 0.770 ;
        RECT 667.940 1.130 668.200 1.390 ;
        RECT 668.560 1.130 668.820 1.390 ;
        RECT 667.940 1.750 668.200 2.010 ;
        RECT 668.560 1.750 668.820 2.010 ;
        RECT 764.430 16.110 764.690 16.370 ;
        RECT 764.950 16.110 765.210 16.370 ;
        RECT 765.470 16.110 765.730 16.370 ;
        RECT 764.430 16.630 764.690 16.890 ;
        RECT 764.950 16.630 765.210 16.890 ;
        RECT 765.470 16.630 765.730 16.890 ;
        RECT 764.430 17.150 764.690 17.410 ;
        RECT 764.950 17.150 765.210 17.410 ;
        RECT 765.470 17.150 765.730 17.410 ;
        RECT 764.640 3.010 764.900 3.270 ;
        RECT 765.260 3.010 765.520 3.270 ;
        RECT 764.640 3.630 764.900 3.890 ;
        RECT 765.260 3.630 765.520 3.890 ;
        RECT 764.640 4.250 764.900 4.510 ;
        RECT 765.260 4.250 765.520 4.510 ;
        RECT 751.710 19.620 751.970 19.880 ;
        RECT 752.330 19.620 752.590 19.880 ;
        RECT 752.950 19.620 753.210 19.880 ;
        RECT 753.570 19.620 753.830 19.880 ;
        RECT 751.710 20.240 751.970 20.500 ;
        RECT 752.330 20.240 752.590 20.500 ;
        RECT 752.950 20.240 753.210 20.500 ;
        RECT 753.570 20.240 753.830 20.500 ;
        RECT 767.940 0.510 768.200 0.770 ;
        RECT 768.560 0.510 768.820 0.770 ;
        RECT 767.940 1.130 768.200 1.390 ;
        RECT 768.560 1.130 768.820 1.390 ;
        RECT 767.940 1.750 768.200 2.010 ;
        RECT 768.560 1.750 768.820 2.010 ;
        RECT 843.690 3.010 843.950 3.270 ;
        RECT 844.310 3.010 844.570 3.270 ;
        RECT 844.930 3.010 845.190 3.270 ;
        RECT 843.690 3.630 843.950 3.890 ;
        RECT 844.310 3.630 844.570 3.890 ;
        RECT 844.930 3.630 845.190 3.890 ;
        RECT 843.690 4.250 843.950 4.510 ;
        RECT 844.310 4.250 844.570 4.510 ;
        RECT 844.930 4.250 845.190 4.510 ;
        RECT 817.940 0.510 818.200 0.770 ;
        RECT 818.560 0.510 818.820 0.770 ;
        RECT 817.940 1.130 818.200 1.390 ;
        RECT 818.560 1.130 818.820 1.390 ;
        RECT 817.940 1.750 818.200 2.010 ;
        RECT 818.560 1.750 818.820 2.010 ;
        RECT 814.640 3.010 814.900 3.270 ;
        RECT 815.260 3.010 815.520 3.270 ;
        RECT 814.640 3.630 814.900 3.890 ;
        RECT 815.260 3.630 815.520 3.890 ;
        RECT 814.640 4.250 814.900 4.510 ;
        RECT 815.260 4.250 815.520 4.510 ;
        RECT 767.730 19.410 767.990 19.670 ;
        RECT 768.250 19.410 768.510 19.670 ;
        RECT 768.770 19.410 769.030 19.670 ;
        RECT 767.730 19.930 767.990 20.190 ;
        RECT 768.250 19.930 768.510 20.190 ;
        RECT 768.770 19.930 769.030 20.190 ;
        RECT 767.730 20.450 767.990 20.710 ;
        RECT 768.250 20.450 768.510 20.710 ;
        RECT 768.770 20.450 769.030 20.710 ;
        RECT 814.430 16.110 814.690 16.370 ;
        RECT 814.950 16.110 815.210 16.370 ;
        RECT 815.470 16.110 815.730 16.370 ;
        RECT 814.430 16.630 814.690 16.890 ;
        RECT 814.950 16.630 815.210 16.890 ;
        RECT 815.470 16.630 815.730 16.890 ;
        RECT 814.430 17.150 814.690 17.410 ;
        RECT 814.950 17.150 815.210 17.410 ;
        RECT 815.470 17.150 815.730 17.410 ;
        RECT 817.730 19.410 817.990 19.670 ;
        RECT 818.250 19.410 818.510 19.670 ;
        RECT 818.770 19.410 819.030 19.670 ;
        RECT 817.730 19.930 817.990 20.190 ;
        RECT 818.250 19.930 818.510 20.190 ;
        RECT 818.770 19.930 819.030 20.190 ;
        RECT 817.730 20.450 817.990 20.710 ;
        RECT 818.250 20.450 818.510 20.710 ;
        RECT 818.770 20.450 819.030 20.710 ;
        RECT 843.690 16.320 843.950 16.580 ;
        RECT 844.310 16.320 844.570 16.580 ;
        RECT 844.930 16.320 845.190 16.580 ;
        RECT 843.690 16.940 843.950 17.200 ;
        RECT 844.310 16.940 844.570 17.200 ;
        RECT 844.930 16.940 845.190 17.200 ;
        RECT 846.190 19.620 846.450 19.880 ;
        RECT 846.810 19.620 847.070 19.880 ;
        RECT 847.430 19.620 847.690 19.880 ;
        RECT 846.190 20.240 846.450 20.500 ;
        RECT 846.810 20.240 847.070 20.500 ;
        RECT 847.430 20.240 847.690 20.500 ;
        RECT 767.730 19.410 767.990 19.670 ;
        RECT 768.250 19.410 768.510 19.670 ;
        RECT 768.770 19.410 769.030 19.670 ;
        RECT 767.730 19.930 767.990 20.190 ;
        RECT 768.250 19.930 768.510 20.190 ;
        RECT 768.770 19.930 769.030 20.190 ;
        RECT 767.730 20.450 767.990 20.710 ;
        RECT 768.250 20.450 768.510 20.710 ;
        RECT 768.770 20.450 769.030 20.710 ;
        RECT 846.190 0.510 846.450 0.770 ;
        RECT 846.810 0.510 847.070 0.770 ;
        RECT 847.430 0.510 847.690 0.770 ;
        RECT 846.190 1.130 846.450 1.390 ;
        RECT 846.810 1.130 847.070 1.390 ;
        RECT 847.430 1.130 847.690 1.390 ;
        RECT 846.190 1.750 846.450 2.010 ;
        RECT 846.810 1.750 847.070 2.010 ;
        RECT 847.430 1.750 847.690 2.010 ;
        RECT 785.695 16.320 785.955 16.580 ;
        RECT 786.315 16.320 786.575 16.580 ;
        RECT 786.935 16.320 787.195 16.580 ;
        RECT 787.555 16.320 787.815 16.580 ;
        RECT 785.695 16.940 785.955 17.200 ;
        RECT 786.315 16.940 786.575 17.200 ;
        RECT 786.935 16.940 787.195 17.200 ;
        RECT 787.555 16.940 787.815 17.200 ;
        RECT 764.430 16.110 764.690 16.370 ;
        RECT 764.950 16.110 765.210 16.370 ;
        RECT 765.470 16.110 765.730 16.370 ;
        RECT 764.430 16.630 764.690 16.890 ;
        RECT 764.950 16.630 765.210 16.890 ;
        RECT 765.470 16.630 765.730 16.890 ;
        RECT 764.430 17.150 764.690 17.410 ;
        RECT 764.950 17.150 765.210 17.410 ;
        RECT 765.470 17.150 765.730 17.410 ;
